caseId,applicantName,district,upazila,court,caseType,vulnerabilityIndicator,filingDate,reviewStartDate,registrationDate,lawyerAssignmentDate,assignedLawyerId,assignedLawyer,lifecycleStatus,nextHearingDate,previousHearingDates,lastActivityDate,slaDueDate,documentStatus,priority,sourceRecordId,importBatchId,intentionalDemoAnomaly,notes
NLAS-DHA-2026-0001,Nasrin Parvin,Dhaka,Kendua,Chief Metropolitan Magistrate Court,Criminal,None identified,2026-08-20,2026-08-29,2026-09-16,2026-09-19,LADCS-008,Jahid Khan,REGISTERED,2026-08-17,,2026-08-23,2026-08-07,MISSING_KEY_DOCUMENT,LOW,SRC-0001,DEMO-500-2026-09-09,CHRONOLOGY_CONFLICT,
NLAS-KHU-2026-0002,Rubel Barman,Khulna,Sadar,Chief Judicial Magistrate Court,Maintenance,Elderly,2026-05-23,2026-05-30,2026-06-11,2026-06-22,LADCS-014,Shamima Miah,SUBMITTED,2026-08-27,2026-06-29,2026-06-04,2026-07-07,PARTIAL,LOW,SRC-0002,DEMO-500-2026-09-09,,
NLAS-JOY-2026-0003,Mst. Salma Parvin,Joypurhat,Sadar,District Legal Aid Office,ADR,Woman,2026-04-14,2026-04-15,2026-04-28,2026-05-07,LADCS-004,Farida Yasmin,AWAITING_RESOLUTION,2026-06-26,2026-05-16;2026-06-10,2026-08-17,2026-06-13,MISSING_KEY_DOCUMENT,CRITICAL,SRC-0003,DEMO-500-2026-09-09,,
NLAS-NET-2026-0004,Mahbub Islam,Netrokona,Rupganj,District Legal Aid Office,Maintenance,Child,2026-04-15,2026-04-17,2026-04-24,2026-04-30,LADCS-024,Nusrat Akter,ONGOING,2026-06-19,2026-05-11,2026-06-18,2026-07-14,MISSING_KEY_DOCUMENT,MEDIUM,SRC-0004,DEMO-500-2026-09-09,,Requires document verification
NLAS-DHA-2026-0005,Rahima Islam,Dhaka,Rupganj,Chief Metropolitan Magistrate Court,Criminal,Low income,2026-01-15,2026-01-26,2026-02-11,2026-02-16,LADCS-030,Imran Das,ONGOING,2026-04-06,2026-03-17;2026-02-25,2026-07-17,2026-04-15,COMPLETE,CRITICAL,SRC-0005,DEMO-500-2026-09-09,,Requires document verification
NLAS-JOY-2026-0006,Jharna Das,Joypurhat,Kalai,District & Sessions Judge Court,Criminal,,2026-08-28,2026-09-03,2026-09-20,2026-10-01,LADCS-014,Shamima Miah,ONGOING,2026-12-20,,2026-09-02,2026-10-27,MISSING_KEY_DOCUMENT,CRITICAL,SRC-0006,DEMO-500-2026-09-09,,
NLAS-CUM-2026-0007,Farida Akter,Cumilla,Sadar,Senior Judicial Magistrate Court,Maintenance,Woman,2026-06-10,2026-06-23,2026-07-02,2026-07-05,LADCS-007,Sadia Islam,CLOSED,2026-09-18,2026-08-16,2026-08-17,2026-08-09,PARTIAL,HIGH,SRC-0007,DEMO-500-2026-09-09,,Follow-up pending
NLAS-RAJ-2026-0008,Mst. Salma Yasmin,Rajbari,Madhabpur,Senior Assistant Judge Court,ADR,Person with disability,2026-02-09,2026-02-22,2026-03-10,2026-03-14,LADCS-004,Farida Yasmin,REGISTERED,2026-05-26,,2026-03-05,2026-04-10,MISSING_KEY_DOCUMENT,LOW,SRC-0008,DEMO-500-2026-09-09,,
NLAS-RAJ-2026-0009,Taslima Marma,Rajbari,Rupganj,District Legal Aid Office,Family,Elderly,2026-03-30,2026-04-08,2026-04-20,2026-04-21,LADCS-028,Rashed Karim,ONGOING,2026-05-04,2026-04-16,2026-06-26,2026-05-29,COMPLETE,LOW,SRC-0009,DEMO-500-2026-09-09,,
NLAS-KHU-2026-0010,Sultana Yasmin,Khulna,Rupganj,Legal Aid Office,Family,Person with disability,2026-09-03,2026-09-10,2026-09-24,2026-10-01,LADCS-013,Rashed Karim,ONGOING,2026-10-17,2026-09-23,2026-09-07,2026-12-02,MISSING_KEY_DOCUMENT,CRITICAL,SRC-0010,DEMO-500-2026-09-09,,Requires document verification
NLAS-CUM-2026-0011,Nargis Ahmed,Cumilla,Kendua,District Judge Court,Domestic Violence,Woman,2026-06-30,2026-07-03,2026-07-07,2026-07-10,LADCS-008,Jahid Khan,ONGOING,2026-09-06,2026-07-13,2026-07-27,2026-09-28,PARTIAL,CRITICAL,SRC-0011,DEMO-500-2026-09-09,,
NLAS-CUM-2026-0012,Md. Arif Barman,Cumilla,Madhabpur,Legal Aid Office,Domestic Violence,,2025-12-19,2025-12-29,2026-01-13,2026-01-21,LADCS-004,Farida Yasmin,ONGOING,2026-03-19,2026-02-27,2026-04-26,2026-03-19,PARTIAL,LOW,SRC-0012,DEMO-500-2026-09-09,,Requires document verification
NLAS-KHU-2026-0013,Taslima Das,Khulna,Rupganj,Chief Judicial Magistrate Court,Woman/Child,None identified,2026-08-13,2026-08-17,2026-08-24,2026-08-31,LADCS-006,Mahbubur Rahman,UNDER_REVIEW,2026-11-16,2026-10-27,2026-09-05,2026-09-27,COMPLETE,CRITICAL,SRC-0013,DEMO-500-2026-09-09,,
NLAS-JOY-2026-0014,Jharna Ahmed,Joypurhat,Kalai,ADR Forum,Civil,Woman,2026-03-05,2026-03-17,2026-03-21,2026-03-26,LADCS-024,Nusrat Akter,ONGOING,2026-06-10,2026-05-12;2026-05-17,2026-07-29,2026-06-03,MISSING_KEY_DOCUMENT,CRITICAL,SRC-0014,DEMO-500-2026-09-09,,Follow-up pending
NLAS-RAJ-2026-0015,Kamal Begum,Rajbari,Madhabpur,District Legal Aid Office,Land,Minority community,2026-04-26,2026-04-28,2026-05-08,2026-05-12,LADCS-028,Rashed Karim,ONGOING,2026-05-30,2026-04-08;2026-04-22,2026-09-04,2026-08-24,COMPLETE,MEDIUM,SRC-0015,DEMO-500-2026-09-09,,Requires document verification
NLAS-DHA-2026-0016,Rahima Majumder,Dhaka,Sadar,Chief Metropolitan Magistrate Court,Domestic Violence,Person with disability,2026-05-30,2026-06-01,2026-06-09,2026-06-21,LADCS-003,Kazi Tanvir Ahmed,AWAITING_RESOLUTION,2026-08-09,,2026-06-27,2026-09-27,PARTIAL,MEDIUM,SRC-0016,DEMO-500-2026-09-09,,
NLAS-NET-2026-0017,Shiuli Banu,Netrokona,Sadar,District & Sessions Judge Court,Maintenance,Elderly,2026-02-10,2026-02-23,2026-02-25,2026-03-01,LADCS-021,Mahbubur Rahman,ONGOING,2026-05-24,2026-04-27;2026-04-11,2026-06-19,2026-05-11,PARTIAL,CRITICAL,SRC-0017,DEMO-500-2026-09-09,,Hearing preparation required
NLAS-HAB-2026-0018,Mst. Salma Akter,Habiganj,Rupganj,Chief Judicial Magistrate Court,Criminal,Elderly,2026-06-12,2026-06-15,2026-06-27,2026-07-05,LADCS-013,Rashed Karim,ONGOING,2026-08-11,,2026-08-16,2026-07-27,MISSING_KEY_DOCUMENT,MEDIUM,SRC-0018,DEMO-500-2026-09-09,,Follow-up pending
NLAS-CUM-2026-0019,Parvin Sultana,Cumilla,Sadar,Legal Aid Office,Family,Person with disability,2026-02-13,2026-02-19,2026-03-03,2026-03-10,LADCS-023,Jahid Khan,ONGOING,2026-04-13,,2026-05-18,2026-04-14,PARTIAL,MEDIUM,SRC-0019,DEMO-500-2026-09-09,,
NLAS-HAB-2026-0020,Sultana Ahmed,Habiganj,Kendua,Magistrate Court,Criminal,Low income,2026-03-02,2026-03-04,2026-03-14,2026-03-25,LADCS-027,Mariam Begum,ONGOING,2026-04-30,2026-04-02,2026-03-25,2026-06-30,PARTIAL,CRITICAL,SRC-0020,DEMO-500-2026-09-09,,Follow-up pending
NLAS-KHU-2026-0021,Momena Yasmin,Khulna,Kendua,Chief Judicial Magistrate Court,Maintenance,,2026-02-03,2026-02-12,2026-02-17,2026-02-23,LADCS-017,Mst. Rokeya Sultana,ONGOING,2026-04-02,,2026-04-24,2026-04-04,PARTIAL,CRITICAL,SRC-0021,DEMO-500-2026-09-09,,Follow-up pending
NLAS-NET-2026-0022,Nargis Barman,Netrokona,Sadar,District & Sessions Judge Court,Family,Elderly,2026-01-22,2026-02-02,2026-02-18,2026-02-25,LADCS-008,Jahid Khan,ONGOING,2026-04-12,,2026-03-05,2026-02-21,MISSING_KEY_DOCUMENT,MEDIUM,SRC-0022,DEMO-500-2026-09-09,,
NLAS-RAJ-2026-0023,Rokeya Howladar,Rajbari,Kalai,District Legal Aid Office,Land,Child,2026-06-08,2026-06-11,2026-06-21,2026-06-27,LADCS-029,Shamima Miah,ONGOING,2026-09-11,2026-07-25,2026-07-01,2026-09-06,COMPLETE,LOW,SRC-0023,DEMO-500-2026-09-09,,Follow-up pending
NLAS-RAJ-2026-0024,Jharna Chakma,Rajbari,Madhabpur,Senior Assistant Judge Court,Civil,Woman,2026-02-17,2026-02-24,2026-03-02,2026-03-09,LADCS-006,Mahbubur Rahman,ONGOING,2026-05-02,,2026-03-28,2026-04-03,PARTIAL,LOW,SRC-0024,DEMO-500-2026-09-09,,
NLAS-RAJ-2026-0025,Sultana Parvin,Rajbari,Sadar,Assistant Judge Court,Family,Person with disability,2026-01-18,2026-01-27,2026-02-09,2026-02-16,LADCS-002,Mst. Rokeya Sultana,ONGOING,2026-02-27,2026-02-11;2026-02-08,2026-08-15,2026-02-17,COMPLETE,CRITICAL,SRC-0025,DEMO-500-2026-09-09,,
NLAS-RAJ-2026-0026,Nargis Akter,Rajbari,Kalai,District Legal Aid Office,Family,Person with disability,2026-02-10,2026-02-24,2026-03-07,2026-03-19,LADCS-024,Nusrat Akter,REGISTERED,2026-05-01,2026-03-11;2026-03-18,2026-08-12,2026-03-12,PARTIAL,CRITICAL,SRC-0026,DEMO-500-2026-09-09,,Hearing preparation required
NLAS-NET-2026-0027,Nasrin Banu,Netrokona,Sadar,District & Sessions Judge Court,Domestic Violence,Elderly,2026-03-28,2026-04-04,2026-04-13,2026-04-18,LADCS-007,Sadia Islam,ONGOING,2026-04-26,2026-03-01;2026-03-19,2026-09-03,2026-07-26,MISSING_KEY_DOCUMENT,MEDIUM,SRC-0027,DEMO-500-2026-09-09,,Hearing preparation required
NLAS-CHA-2026-0028,Nargis Marma,Chattogram,Madhabpur,District Judge Court,Family,Elderly,2026-03-10,2026-03-23,2026-04-07,2026-04-13,LADCS-020,Rehana Parvin,RESOLVED,2026-07-06,2026-06-11,2026-07-13,2026-05-09,MISSING_KEY_DOCUMENT,CRITICAL,SRC-0028,DEMO-500-2026-09-09,,
NLAS-NET-2026-0029,Shamima Das,Netrokona,Madhabpur,ADR Forum,Domestic Violence,None identified,2025-12-29,2026-01-07,2026-01-19,2026-01-23,LADCS-030,Imran Das,RESOLVED,2026-03-23,,2026-08-02,2026-04-28,PARTIAL,LOW,SRC-0029,DEMO-500-2026-09-09,,
NLAS-KHU-2026-0030,Rokeya Majumder,Khulna,Kalai,Chief Judicial Magistrate Court,Land,Minority community,2026-05-06,2026-05-19,2026-06-06,2026-06-13,LADCS-002,Mst. Rokeya Sultana,ONGOING,2026-07-25,2026-06-23,2026-05-14,2026-06-20,PARTIAL,MEDIUM,SRC-0030,DEMO-500-2026-09-09,,
NLAS-CUM-2026-0031,Mahbub Begum,Cumilla,Sadar,Senior Judicial Magistrate Court,Family,Person with disability,2026-07-15,2026-07-21,2026-07-29,2026-08-08,LADCS-018,Kazi Tanvir Ahmed,AWAITING_RESOLUTION,2026-08-16,2026-06-26,2026-09-06,2026-09-13,MISSING_KEY_DOCUMENT,MEDIUM,SRC-0031,DEMO-500-2026-09-09,,Follow-up pending
NLAS-CUM-2026-0032,Mahbub Begum,Cumilla,Kalai,Senior Judicial Magistrate Court,Criminal,Minority community,2026-08-23,2026-08-26,2026-09-06,2026-09-10,LADCS-008,Jahid Khan,RESOLVED,2026-11-25,,2026-08-30,2026-10-07,MISSING_KEY_DOCUMENT,HIGH,SRC-0032,DEMO-500-2026-09-09,,
NLAS-HAB-2026-0033,Kamal Ahmed,Habiganj,Rupganj,Magistrate Court,ADR,Child,2025-12-14,2025-12-15,2026-01-02,2026-01-10,LADCS-006,Mahbubur Rahman,ONGOING,2026-02-23,2026-01-29,2026-07-17,2026-02-12,MISSING_KEY_DOCUMENT,HIGH,SRC-0033,DEMO-500-2026-09-09,,Requires document verification
NLAS-DHA-2026-0034,Rubel Banu,Dhaka,Sadar,Chief Metropolitan Magistrate Court,Land,Child,2026-01-31,2026-02-11,2026-02-24,2026-03-08,LADCS-001,Md. Abdur Rauf,CLOSED,2026-05-20,2026-04-04;2026-04-29,2026-04-04,2026-03-02,COMPLETE,CRITICAL,SRC-0034,DEMO-500-2026-09-09,,Hearing preparation required
NLAS-RAJ-2026-0035,Kamal Khatun,Rajbari,Madhabpur,Senior Assistant Judge Court,Domestic Violence,Minority community,2026-01-01,2026-01-09,2026-01-21,2026-01-30,LADCS-012,Mariam Begum,ONGOING,2026-02-11,2026-01-01,2026-05-10,2026-04-01,MISSING_KEY_DOCUMENT,LOW,SRC-0035,DEMO-500-2026-09-09,,Follow-up pending
NLAS-CUM-2026-0036,Kamal Majumder,Cumilla,Sadar,Legal Aid Office,Criminal,Elderly,2026-07-01,2026-07-13,2026-07-15,2026-07-23,LADCS-017,Mst. Rokeya Sultana,ONGOING,2026-10-07,2026-09-12;2026-09-06,2026-07-18,2026-08-15,MISSING_KEY_DOCUMENT,LOW,SRC-0036,DEMO-500-2026-09-09,,
NLAS-DHA-2026-0037,Nasrin Sultana,Dhaka,Rupganj,Legal Aid Office,Woman/Child,None identified,2026-04-16,2026-04-29,2026-05-01,2026-05-12,LADCS-015,Imran Das,REGISTERED,2026-08-01,2026-07-01;2026-06-27,2026-07-18,2026-06-15,COMPLETE,HIGH,SRC-0037,DEMO-500-2026-09-09,,Follow-up pending
NLAS-DHA-2026-0038,Sultana Sultana,Dhaka,Sadar,Chief Metropolitan Magistrate Court,ADR,Minority community,2026-04-17,2026-05-01,2026-05-19,2026-05-22,LADCS-004,Farida Yasmin,ONGOING,2026-04-05,2026-02-08;2026-02-17,2026-08-18,2026-06-01,COMPLETE,MEDIUM,SRC-0038,DEMO-500-2026-09-09,CHRONOLOGY_CONFLICT,
NLAS-CHA-2026-0039,Taslima Chakma,Chattogram,Madhabpur,District Judge Court,ADR,Child,2026-02-09,2026-02-23,2026-02-24,2026-03-05,LADCS-001,Md. Abdur Rauf,ONGOING,2026-06-01,2026-04-12,2026-05-16,2026-04-10,COMPLETE,CRITICAL,SRC-0039,DEMO-500-2026-09-09,,Follow-up pending
NLAS-HAB-2026-0040,Nasrin Miah,Habiganj,Rupganj,District Legal Aid Office,ADR,Elderly,2026-09-09,2026-09-11,2026-09-28,2026-10-07,LADCS-020,Rehana Parvin,REGISTERED,2026-12-16,2026-11-10,2026-09-09,2026-12-08,COMPLETE,MEDIUM,SRC-0040,DEMO-500-2026-09-09,,Follow-up pending
NLAS-CHA-2026-0041,Shamima Akter,Chattogram,Kendua,Chief Judicial Magistrate Court,Maintenance,Elderly,2026-02-24,2026-02-28,2026-03-11,2026-03-12,LADCS-007,Sadia Islam,CLOSED,2026-05-19,,2026-04-16,2026-04-25,COMPLETE,HIGH,SRC-0041,DEMO-500-2026-09-09,,Follow-up pending
NLAS-CUM-2026-0042,Jharna Barman,Cumilla,Rupganj,Legal Aid Office,ADR,Person with disability,2026-01-30,2026-02-02,2026-02-05,2026-02-07,LADCS-003,Kazi Tanvir Ahmed,UNDER_REVIEW,2026-03-18,,2026-03-26,2026-01-17,PARTIAL,MEDIUM,SRC-0042,DEMO-500-2026-09-09,,Hearing preparation required
NLAS-JOY-2026-0043,Nargis Majumder,Joypurhat,Sadar,District Legal Aid Office,Family,,2026-07-14,2026-07-22,2026-08-01,2026-08-13,LADCS-015,Imran Das,AWAITING_RESOLUTION,2026-09-24,,2026-07-19,2026-11-11,COMPLETE,LOW,SRC-0043,DEMO-500-2026-09-09,,
NLAS-JOY-2026-0044,Rubel Sultana,Joypurhat,Rupganj,ADR Forum,Woman/Child,Minority community,2026-07-18,2026-07-25,2026-08-01,2026-08-09,LADCS-017,Mst. Rokeya Sultana,ONGOING,2026-11-05,2026-09-13;2026-10-10,2026-08-12,2026-11-15,COMPLETE,HIGH,SRC-0044,DEMO-500-2026-09-09,,Hearing preparation required
NLAS-CHA-2026-0045,Rokeya Akter,Chattogram,Sadar,Chief Judicial Magistrate Court,Maintenance,Elderly,2025-12-31,2026-01-13,2026-01-31,2026-02-06,LADCS-019,Farida Yasmin,ONGOING,2026-03-05,,2026-07-15,2026-04-30,COMPLETE,LOW,SRC-0045,DEMO-500-2026-09-09,,Requires document verification
NLAS-DHA-2026-0046,Sultana Das,Dhaka,Madhabpur,Chief Metropolitan Magistrate Court,Family,Minority community,2026-01-14,2026-01-25,2026-01-27,2026-01-28,LADCS-012,Mariam Begum,ONGOING,2026-03-03,2026-01-07,2026-07-30,2026-02-13,COMPLETE,LOW,SRC-0046,DEMO-500-2026-09-09,,Requires document verification
NLAS-RAJ-2026-0047,Saiful Yasmin,Rajbari,Sadar,District Legal Aid Office,ADR,Woman,2026-02-06,2026-02-10,2026-02-21,2026-02-26,LADCS-019,Farida Yasmin,ONGOING,2026-03-25,,2026-04-30,2026-05-07,PARTIAL,HIGH,SRC-0047,DEMO-500-2026-09-09,,Follow-up pending
NLAS-JOY-2026-0048,Mst. Salma Miah,Joypurhat,Kendua,District & Sessions Judge Court,Criminal,Person with disability,2026-07-25,2026-08-08,2026-08-11,2026-08-20,LADCS-028,Rashed Karim,SUBMITTED,2026-09-27,2026-08-21;2026-08-21,2026-08-25,2026-10-23,PARTIAL,LOW,SRC-0048,DEMO-500-2026-09-09,,
NLAS-CUM-2026-0049,Nasrin Yasmin,Cumilla,Madhabpur,Senior Judicial Magistrate Court,ADR,Woman,2026-03-28,2026-04-05,2026-04-13,2026-04-24,LADCS-022,Sadia Islam,ONGOING,2026-06-26,2026-05-04;2026-06-12,2026-06-26,2026-06-26,PARTIAL,MEDIUM,SRC-0049,DEMO-500-2026-09-09,,Follow-up pending
NLAS-CUM-2026-0050,Nargis Miah,Cumilla,Madhabpur,District Judge Court,ADR,,2026-02-20,2026-03-06,2026-03-21,2026-04-01,LADCS-009,Nusrat Akter,ONGOING,2026-06-20,,2026-03-08,2026-04-21,MISSING_KEY_DOCUMENT,CRITICAL,SRC-0050,DEMO-500-2026-09-09,,
NLAS-CUM-2026-0051,Rokeya Islam,Cumilla,Kalai,Legal Aid Office,Woman/Child,None identified,2026-02-21,2026-03-07,2026-03-13,2026-03-18,LADCS-030,Imran Das,ONGOING,2026-05-22,,2026-08-02,2026-04-22,COMPLETE,LOW,SRC-0051,DEMO-500-2026-09-09,,
NLAS-HAB-2026-0052,Momena Begum,Habiganj,Sadar,Magistrate Court,Criminal,Person with disability,2026-03-04,2026-03-17,2026-04-01,2026-04-03,LADCS-002,Mst. Rokeya Sultana,RESOLVED,2026-04-26,2026-04-03;2026-03-30,2026-07-09,2026-05-03,MISSING_KEY_DOCUMENT,LOW,SRC-0052,DEMO-500-2026-09-09,,
NLAS-HAB-2026-0053,Nargis Akter,Habiganj,Sadar,Magistrate Court,Maintenance,Woman,2026-02-08,2026-02-13,2026-02-20,2026-03-03,LADCS-009,Nusrat Akter,REGISTERED,2026-05-05,2026-04-20,2026-07-16,2026-04-09,MISSING_KEY_DOCUMENT,LOW,SRC-0053,DEMO-500-2026-09-09,,Requires document verification
NLAS-RAJ-2026-0054,Parvin Marma,Rajbari,Kalai,Assistant Judge Court,Family,Person with disability,2026-09-04,2026-09-05,2026-09-22,2026-09-24,LADCS-029,Shamima Miah,AWAITING_RESOLUTION,2026-10-29,2026-09-27;2026-10-12,2026-09-06,2026-10-04,COMPLETE,CRITICAL,SRC-0054,DEMO-500-2026-09-09,,Requires document verification
NLAS-NET-2026-0055,Abdul Howladar,Netrokona,Madhabpur,District & Sessions Judge Court,Domestic Violence,Woman,2026-04-18,2026-04-29,2026-05-15,2026-05-24,LADCS-005,Rehana Parvin,ONGOING,2026-06-14,2026-05-09;2026-04-21,2026-08-22,2026-05-18,MISSING_KEY_DOCUMENT,CRITICAL,SRC-0055,DEMO-500-2026-09-09,,Follow-up pending
NLAS-HAB-2026-0056,Kamal Chakma,Habiganj,Rupganj,District Legal Aid Office,Civil,Woman,2026-06-16,2026-06-25,2026-07-03,2026-07-13,LADCS-009,Nusrat Akter,RESOLVED,2026-10-09,,2026-06-21,2026-08-15,MISSING_KEY_DOCUMENT,CRITICAL,SRC-0056,DEMO-500-2026-09-09,,
NLAS-NET-2026-0057,Mst. Salma Chakma,Netrokona,Kalai,District & Sessions Judge Court,ADR,Minority community,2026-04-07,2026-04-18,2026-04-23,2026-04-27,LADCS-001,Md. Abdur Rauf,ONGOING,2026-06-07,,2026-07-12,2026-06-06,MISSING_KEY_DOCUMENT,MEDIUM,SRC-0057,DEMO-500-2026-09-09,,Requires document verification
NLAS-KHU-2026-0058,Kamal Parvin,Khulna,Sadar,Chief Judicial Magistrate Court,Civil,Low income,2026-02-10,2026-02-21,2026-03-11,2026-03-20,LADCS-001,Md. Abdur Rauf,AWAITING_RESOLUTION,2026-04-26,2026-04-10,2026-06-04,2026-05-11,MISSING_KEY_DOCUMENT,HIGH,SRC-0058,DEMO-500-2026-09-09,,Requires document verification
NLAS-CHA-2026-0059,Nasrin Howladar,Chattogram,Madhabpur,Legal Aid Office,Maintenance,Minority community,2026-03-28,2026-04-10,2026-04-28,2026-05-07,LADCS-014,Shamima Miah,RESOLVED,2026-07-13,,2026-05-17,2026-07-26,COMPLETE,CRITICAL,SRC-0059,DEMO-500-2026-09-09,,Requires document verification
NLAS-DHA-2026-0060,Rubel Miah,Dhaka,Sadar,Legal Aid Office,Woman/Child,Person with disability,2025-12-24,2025-12-28,2026-01-02,2026-01-06,LADCS-026,Shahidul Chowdhury,ONGOING,2026-02-13,,2025-12-26,2026-01-23,MISSING_KEY_DOCUMENT,LOW,SRC-0060,DEMO-500-2026-09-09,,
NLAS-HAB-2026-0061,Abdul Das,Habiganj,Sadar,District Legal Aid Office,Land,Low income,2026-09-07,2026-09-20,2026-09-25,2026-09-29,LADCS-004,Farida Yasmin,AWAITING_RESOLUTION,2026-12-15,2026-10-24,2026-09-07,2026-12-06,PARTIAL,LOW,SRC-0061,DEMO-500-2026-09-09,,Hearing preparation required
NLAS-DHA-2026-0062,Md. Arif Begum,Dhaka,Kalai,Chief Metropolitan Magistrate Court,Civil,Elderly,2026-02-01,2026-02-12,2026-02-22,2026-03-04,LADCS-026,Shahidul Chowdhury,CLOSED,2026-05-19,2026-04-16,2026-06-29,2026-04-02,PARTIAL,CRITICAL,SRC-0062,DEMO-500-2026-09-09,,Follow-up pending
NLAS-KHU-2026-0063,Parvin Begum,Khulna,Madhabpur,Chief Judicial Magistrate Court,Maintenance,Elderly,2026-08-10,2026-08-23,2026-09-01,2026-09-05,LADCS-002,Mst. Rokeya Sultana,AWAITING_RESOLUTION,2026-11-16,,2026-09-03,2026-09-09,MISSING_KEY_DOCUMENT,MEDIUM,SRC-0063,DEMO-500-2026-09-09,,Follow-up pending
NLAS-CHA-2026-0064,Parvin Banu,Chattogram,Sadar,District Judge Court,Criminal,Woman,2026-07-04,2026-07-18,2026-07-22,2026-07-31,LADCS-018,Kazi Tanvir Ahmed,RESOLVED,2026-08-09,2026-06-30;2026-07-16,2026-07-21,2026-09-02,PARTIAL,CRITICAL,SRC-0064,DEMO-500-2026-09-09,,
NLAS-DHA-2026-0065,Farida Khatun,Dhaka,Kendua,Legal Aid Office,Criminal,Elderly,2026-01-04,2026-01-12,2026-01-15,2026-01-17,LADCS-024,Nusrat Akter,ONGOING,2026-02-22,2026-01-26,2026-07-07,2026-03-05,MISSING_KEY_DOCUMENT,HIGH,SRC-0065,DEMO-500-2026-09-09,,
NLAS-RAJ-2026-0066,Rubel Yasmin,Rajbari,Kalai,Assistant Judge Court,Domestic Violence,Woman,2025-12-15,2025-12-18,2025-12-19,2025-12-23,LADCS-005,Rehana Parvin,ONGOING,2026-02-07,,2026-04-08,2026-01-29,COMPLETE,CRITICAL,SRC-0066,DEMO-500-2026-09-09,,
NLAS-JOY-2026-0067,Sultana Hossain,Joypurhat,Kendua,District & Sessions Judge Court,Land,,2026-03-02,2026-03-14,2026-03-22,2026-03-28,LADCS-016,Md. Abdur Rauf,ONGOING,2026-06-26,2026-05-18,2026-06-30,2026-04-01,PARTIAL,HIGH,SRC-0067,DEMO-500-2026-09-09,,Hearing preparation required
NLAS-NET-2026-0068,Parvin Rahman,Netrokona,Kalai,District & Sessions Judge Court,Criminal,Person with disability,2026-08-31,2026-09-03,2026-09-04,2026-09-05,LADCS-010,Aminul Hossain,ONGOING,2026-09-20,,2026-09-06,2026-12-29,COMPLETE,LOW,SRC-0068,DEMO-500-2026-09-09,,Requires document verification
NLAS-CUM-2026-0069,Rubel Barman,Cumilla,Kendua,Legal Aid Office,Criminal,Low income,2026-02-24,2026-03-10,2026-03-21,2026-03-24,LADCS-021,Mahbubur Rahman,REGISTERED,2026-04-29,,2026-04-14,2026-06-24,MISSING_KEY_DOCUMENT,LOW,SRC-0069,DEMO-500-2026-09-09,,Follow-up pending
NLAS-CHA-2026-0070,Shiuli Yasmin,Chattogram,Madhabpur,Legal Aid Office,Woman/Child,Child,2026-08-06,2026-08-11,2026-08-27,2026-09-03,LADCS-015,Imran Das,ONGOING,2026-10-19,,2026-08-25,2026-09-20,MISSING_KEY_DOCUMENT,HIGH,SRC-0070,DEMO-500-2026-09-09,,Requires document verification
NLAS-JOY-2026-0071,Sultana Sultana,Joypurhat,Sadar,ADR Forum,ADR,Minority community,2026-01-18,2026-01-19,2026-01-29,2026-02-01,LADCS-001,Md. Abdur Rauf,ONGOING,2026-04-01,,2026-06-02,2026-03-19,PARTIAL,CRITICAL,SRC-0071,DEMO-500-2026-09-09,,Follow-up pending
NLAS-HAB-2026-0072,Taslima Sultana,Habiganj,Rupganj,Chief Judicial Magistrate Court,Criminal,,2026-05-30,2026-06-11,2026-06-21,2026-07-01,LADCS-021,Mahbubur Rahman,AWAITING_RESOLUTION,2026-09-11,2026-08-05;2026-07-27,2026-09-01,2026-07-29,COMPLETE,CRITICAL,SRC-0072,DEMO-500-2026-09-09,,
NLAS-RAJ-2026-0073,Mst. Salma Hossain,Rajbari,Rupganj,Senior Assistant Judge Court,Family,Person with disability,2026-01-09,2026-01-10,2026-01-20,2026-01-31,LADCS-004,Farida Yasmin,ONGOING,2026-04-20,,2026-04-21,2026-05-09,PARTIAL,HIGH,SRC-0073,DEMO-500-2026-09-09,,
NLAS-RAJ-2026-0074,Kamal Chakma,Rajbari,Kalai,District Legal Aid Office,Land,Person with disability,2025-12-23,2026-01-04,2026-01-08,2026-01-17,LADCS-002,Mst. Rokeya Sultana,ONGOING,2026-03-17,,2025-12-26,2026-02-06,COMPLETE,MEDIUM,SRC-0074,DEMO-500-2026-09-09,,Hearing preparation required
NLAS-DHA-2026-0075,Mahbub Barman,Dhaka,Sadar,Chief Metropolitan Magistrate Court,Land,,2026-03-26,2026-03-31,2026-04-04,2026-04-08,LADCS-003,Kazi Tanvir Ahmed,ONGOING,2026-03-24,,2026-07-19,2026-04-25,MISSING_KEY_DOCUMENT,LOW,SRC-0075,DEMO-500-2026-09-09,CHRONOLOGY_CONFLICT,
NLAS-RAJ-2026-0076,Sultana Barman,Rajbari,Sadar,Senior Assistant Judge Court,Domestic Violence,Child,2026-08-25,2026-09-07,2026-09-17,2026-09-27,LADCS-016,Md. Abdur Rauf,CLOSED,2026-12-01,2026-10-19;2026-11-13,2026-09-03,2026-10-24,MISSING_KEY_DOCUMENT,LOW,SRC-0076,DEMO-500-2026-09-09,,
NLAS-NET-2026-0077,Taslima Banu,Netrokona,Rupganj,District Legal Aid Office,Civil,Person with disability,2026-02-18,2026-02-28,2026-03-12,2026-03-20,LADCS-008,Jahid Khan,ONGOING,2026-04-28,2026-03-03;2026-03-13,2026-05-16,2026-05-19,PARTIAL,CRITICAL,SRC-0077,DEMO-500-2026-09-09,,Hearing preparation required
NLAS-CHA-2026-0078,Rokeya Majumder,Chattogram,Kendua,District Judge Court,Domestic Violence,Person with disability,2026-08-08,2026-08-20,2026-08-25,2026-08-26,LADCS-021,Mahbubur Rahman,UNDER_REVIEW,2026-11-21,,2026-08-16,2026-09-22,COMPLETE,MEDIUM,SRC-0078,DEMO-500-2026-09-09,,
NLAS-NET-2026-0079,Farida Das,Netrokona,Kendua,District & Sessions Judge Court,Family,Child,2026-08-09,2026-08-18,2026-08-28,2026-09-09,LADCS-025,Aminul Hossain,ONGOING,2026-11-16,2026-09-22;2026-09-19,2026-09-08,2026-09-23,COMPLETE,MEDIUM,SRC-0079,DEMO-500-2026-09-09,,Hearing preparation required
NLAS-CHA-2026-0080,Rahima Marma,Chattogram,Sadar,Chief Judicial Magistrate Court,Criminal,Elderly,2025-12-06,2025-12-18,2025-12-25,2026-01-01,LADCS-005,Rehana Parvin,REGISTERED,2026-03-07,2026-01-20,2026-06-03,2026-01-20,PARTIAL,HIGH,SRC-0080,DEMO-500-2026-09-09,,Requires document verification
NLAS-NET-2026-0081,Rokeya Islam,Netrokona,Kendua,District Legal Aid Office,Family,,2026-09-08,2026-09-13,2026-09-27,2026-10-01,LADCS-027,Mariam Begum,ONGOING,2026-11-30,,2026-09-08,2026-11-07,MISSING_KEY_DOCUMENT,HIGH,SRC-0081,DEMO-500-2026-09-09,,Follow-up pending
NLAS-KHU-2026-0082,Sultana Parvin,Khulna,Kalai,Legal Aid Office,Land,Person with disability,2026-08-27,2026-09-03,2026-09-17,2026-09-22,LADCS-022,Sadia Islam,RESOLVED,2026-10-11,2026-08-21,2026-08-31,2026-12-25,COMPLETE,LOW,SRC-0082,DEMO-500-2026-09-09,,Hearing preparation required
NLAS-NET-2026-0083,Rubel Akter,Netrokona,Madhabpur,District & Sessions Judge Court,Land,Person with disability,2026-05-24,2026-06-01,2026-06-11,2026-06-17,LADCS-025,Aminul Hossain,RESOLVED,2026-07-12,2026-05-17;2026-06-22,2026-06-16,2026-05-20,PARTIAL,HIGH,SRC-0083,DEMO-500-2026-09-09,,Follow-up pending
NLAS-RAJ-2026-0084,Saiful Khatun,Rajbari,Sadar,District Legal Aid Office,Civil,Woman,2026-05-31,2026-06-08,2026-06-13,2026-06-15,LADCS-005,Rehana Parvin,ONGOING,2026-08-01,,2026-07-08,2026-07-30,COMPLETE,LOW,SRC-0084,DEMO-500-2026-09-09,,
NLAS-JOY-2026-0085,Abdul Rahman,Joypurhat,Sadar,ADR Forum,ADR,Low income,2026-05-26,2026-06-03,2026-06-18,2026-06-27,LADCS-009,Nusrat Akter,ONGOING,2026-09-03,,2026-06-14,2026-07-10,PARTIAL,HIGH,SRC-0085,DEMO-500-2026-09-09,,
NLAS-KHU-2026-0086,Jharna Howladar,Khulna,Kalai,Legal Aid Office,Civil,Low income,2026-03-30,2026-04-01,2026-04-18,2026-04-27,LADCS-004,Farida Yasmin,ONGOING,2026-07-22,,2026-04-05,2026-05-29,COMPLETE,MEDIUM,SRC-0086,DEMO-500-2026-09-09,,Hearing preparation required
NLAS-NET-2026-0087,Nasrin Majumder,Netrokona,Sadar,ADR Forum,Civil,None identified,2026-04-07,2026-04-21,2026-04-24,2026-05-04,LADCS-001,Md. Abdur Rauf,RESOLVED,2026-07-12,2026-05-14;2026-05-14,2026-06-06,2026-05-07,COMPLETE,CRITICAL,SRC-0087,DEMO-500-2026-09-09,,Follow-up pending
NLAS-CHA-2026-0088,Shamima Miah,Chattogram,Rupganj,Legal Aid Office,Family,Minority community,2026-04-03,2026-04-15,2026-04-29,2026-05-05,LADCS-004,Farida Yasmin,ONGOING,2026-07-04,,2026-08-29,2026-07-02,MISSING_KEY_DOCUMENT,CRITICAL,SRC-0088,DEMO-500-2026-09-09,,Hearing preparation required
NLAS-KHU-2026-0089,Momena Barman,Khulna,Sadar,Chief Judicial Magistrate Court,Domestic Violence,None identified,2026-07-03,2026-07-07,2026-07-17,2026-07-28,LADCS-024,Nusrat Akter,ONGOING,2026-09-05,2026-08-14;2026-08-14,2026-07-07,2026-10-01,PARTIAL,CRITICAL,SRC-0089,DEMO-500-2026-09-09,,Requires document verification
NLAS-CHA-2026-0090,Mahbub Khatun,Chattogram,Madhabpur,Legal Aid Office,ADR,Woman,2026-03-19,2026-03-21,2026-03-29,2026-04-05,LADCS-002,Mst. Rokeya Sultana,UNDER_REVIEW,2026-04-25,,2026-06-11,2026-05-03,MISSING_KEY_DOCUMENT,CRITICAL,SRC-0090,DEMO-500-2026-09-09,,
NLAS-CUM-2026-0091,Md. Arif Parvin,Cumilla,Sadar,District Judge Court,Domestic Violence,Person with disability,2026-08-31,2026-09-07,2026-09-16,2026-09-27,LADCS-003,Kazi Tanvir Ahmed,REGISTERED,2026-12-07,,2026-09-03,2026-10-30,PARTIAL,LOW,SRC-0091,DEMO-500-2026-09-09,,Follow-up pending
NLAS-HAB-2026-0092,Shamima Chakma,Habiganj,Rupganj,Chief Judicial Magistrate Court,Land,Woman,2026-07-02,2026-07-10,2026-07-14,2026-07-16,LADCS-006,Mahbubur Rahman,RESOLVED,2026-09-05,2026-07-30,2026-08-21,2026-08-31,COMPLETE,CRITICAL,SRC-0092,DEMO-500-2026-09-09,,Requires document verification
NLAS-CHA-2026-0093,Nargis Barman,Chattogram,Kendua,Legal Aid Office,Domestic Violence,Person with disability,2026-02-04,2026-02-13,2026-02-14,2026-02-15,LADCS-022,Sadia Islam,ONGOING,2026-04-18,2026-02-18;2026-03-27,2026-05-02,2026-04-05,MISSING_KEY_DOCUMENT,MEDIUM,SRC-0093,DEMO-500-2026-09-09,,Requires document verification
NLAS-CUM-2026-0094,Shamima Das,Cumilla,Sadar,Legal Aid Office,Criminal,Person with disability,2026-02-21,2026-02-23,2026-02-25,2026-03-05,LADCS-014,Shamima Miah,RESOLVED,2026-04-12,,2026-05-31,2026-03-23,MISSING_KEY_DOCUMENT,LOW,SRC-0094,DEMO-500-2026-09-09,,Follow-up pending
NLAS-NET-2026-0095,Nasrin Khatun,Netrokona,Sadar,District Legal Aid Office,Domestic Violence,Woman,2026-01-31,2026-02-07,2026-02-24,2026-02-25,LADCS-011,Shahidul Chowdhury,REGISTERED,2026-04-24,,2026-03-02,2026-05-01,COMPLETE,CRITICAL,SRC-0095,DEMO-500-2026-09-09,,
NLAS-KHU-2026-0096,Sultana Yasmin,Khulna,Madhabpur,Chief Judicial Magistrate Court,Family,Minority community,2026-03-12,2026-03-18,2026-03-31,2026-04-08,LADCS-023,Jahid Khan,AWAITING_RESOLUTION,2026-06-17,2026-05-30;2026-04-23,2026-08-05,2026-04-26,MISSING_KEY_DOCUMENT,CRITICAL,SRC-0096,DEMO-500-2026-09-09,,
NLAS-CHA-2026-0097,Rokeya Banu,Chattogram,Madhabpur,Legal Aid Office,Maintenance,Elderly,2026-06-04,2026-06-10,2026-06-23,2026-06-27,LADCS-024,Nusrat Akter,ONGOING,2026-09-20,2026-07-29;2026-07-27,2026-09-03,2026-09-02,MISSING_KEY_DOCUMENT,LOW,SRC-0097,DEMO-500-2026-09-09,,
NLAS-DHA-2026-0098,Shamima Howladar,Dhaka,Sadar,Chief Metropolitan Magistrate Court,Criminal,Minority community,2026-04-10,2026-04-18,2026-05-01,2026-05-03,LADCS-008,Jahid Khan,ONGOING,2026-05-13,2026-04-05,2026-04-15,2026-05-25,MISSING_KEY_DOCUMENT,HIGH,SRC-0098,DEMO-500-2026-09-09,,Hearing preparation required
NLAS-DHA-2026-0099,Momena Rahman,Dhaka,Madhabpur,Legal Aid Office,Family,Woman,2026-04-16,2026-04-20,2026-05-07,2026-05-16,LADCS-002,Mst. Rokeya Sultana,ONGOING,2026-06-12,,2026-05-05,2026-08-14,PARTIAL,LOW,SRC-0099,DEMO-500-2026-09-09,,
NLAS-HAB-2026-0100,Rahima Das,Habiganj,Madhabpur,District Legal Aid Office,Domestic Violence,Child,2026-02-01,2026-02-10,2026-02-19,2026-02-22,LADCS-015,Imran Das,ONGOING,2026-05-04,,2026-04-27,2026-04-02,PARTIAL,HIGH,SRC-0100,DEMO-500-2026-09-09,,Hearing preparation required
NLAS-DHA-2026-0101,Shiuli Parvin,Dhaka,Sadar,Legal Aid Office,Domestic Violence,,2026-02-12,2026-02-21,2026-03-09,2026-03-17,LADCS-028,Rashed Karim,ONGOING,2026-04-18,2026-03-28,2026-05-31,2026-06-12,COMPLETE,HIGH,SRC-0101,DEMO-500-2026-09-09,,Requires document verification
NLAS-HAB-2026-0102,Farida Marma,Habiganj,Kalai,District Legal Aid Office,Civil,,2026-04-07,2026-04-10,2026-04-17,2026-04-21,LADCS-005,Rehana Parvin,ONGOING,2026-06-15,,2026-05-13,2026-06-06,PARTIAL,CRITICAL,SRC-0102,DEMO-500-2026-09-09,,Hearing preparation required
NLAS-DHA-2026-0103,Shamima Sultana,Dhaka,Rupganj,District Judge Court,Land,None identified,2026-03-12,2026-03-20,2026-04-02,2026-04-06,LADCS-002,Mst. Rokeya Sultana,SUBMITTED,2026-05-23,2026-03-28;2026-03-24,2026-05-15,2026-04-26,PARTIAL,MEDIUM,SRC-0103,DEMO-500-2026-09-09,,Hearing preparation required
NLAS-JOY-2026-0104,Abdul Sultana,Joypurhat,Sadar,ADR Forum,Civil,Low income,2025-12-01,2025-12-13,2025-12-31,2026-01-06,LADCS-030,Imran Das,ONGOING,2026-02-28,2025-12-30,2026-08-11,2026-03-31,PARTIAL,LOW,SRC-0104,DEMO-500-2026-09-09,,Follow-up pending
NLAS-DHA-2026-0105,Sultana Begum,Dhaka,Rupganj,Legal Aid Office,Civil,Minority community,2026-03-15,2026-03-27,2026-04-12,2026-04-17,LADCS-025,Aminul Hossain,REGISTERED,2026-07-12,2026-05-16;2026-05-24,2026-08-17,2026-06-13,COMPLETE,LOW,SRC-0105,DEMO-500-2026-09-09,,Requires document verification
NLAS-CUM-2026-0106,Kamal Yasmin,Cumilla,Kendua,Senior Judicial Magistrate Court,Civil,None identified,2026-08-16,2026-08-19,2026-08-25,2026-09-04,LADCS-017,Mst. Rokeya Sultana,ONGOING,2026-11-19,2026-11-04;2026-09-27,2026-09-07,2026-09-30,COMPLETE,LOW,SRC-0106,DEMO-500-2026-09-09,,Follow-up pending
NLAS-KHU-2026-0107,Abdul Howladar,Khulna,Kalai,Chief Judicial Magistrate Court,Family,Low income,2026-06-08,2026-06-10,2026-06-20,2026-06-24,LADCS-009,Nusrat Akter,ONGOING,2026-09-01,2026-07-19;2026-07-09,2026-06-10,2026-10-06,COMPLETE,HIGH,SRC-0107,DEMO-500-2026-09-09,,
NLAS-NET-2026-0108,Saiful Khatun,Netrokona,Madhabpur,District & Sessions Judge Court,Civil,Child,2025-12-01,2025-12-15,2025-12-16,2025-12-26,LADCS-029,Shamima Miah,ONGOING,2026-01-11,2025-12-02;2025-12-06,2025-12-26,2026-03-31,PARTIAL,MEDIUM,SRC-0108,DEMO-500-2026-09-09,,
NLAS-RAJ-2026-0109,Parvin Yasmin,Rajbari,Kalai,Assistant Judge Court,Land,None identified,2026-08-29,2026-09-08,2026-09-16,2026-09-25,LADCS-004,Farida Yasmin,ONGOING,2026-12-06,2026-11-04;2026-11-13,2026-09-02,2026-12-27,COMPLETE,MEDIUM,SRC-0109,DEMO-500-2026-09-09,,Follow-up pending
NLAS-HAB-2026-0110,Mahbub Hossain,Habiganj,Kendua,District Legal Aid Office,Domestic Violence,Person with disability,2026-04-07,2026-04-09,2026-04-20,2026-04-23,LADCS-013,Rashed Karim,CLOSED,2026-05-30,2026-04-21,2026-08-20,2026-05-22,PARTIAL,HIGH,SRC-0110,DEMO-500-2026-09-09,,
NLAS-HAB-2026-0111,Abdul Sultana,Habiganj,Rupganj,Chief Judicial Magistrate Court,Domestic Violence,Minority community,2026-05-31,2026-06-05,2026-06-19,2026-06-23,LADCS-006,Mahbubur Rahman,RESOLVED,2026-08-10,2026-07-21;2026-06-14,2026-07-22,2026-07-30,MISSING_KEY_DOCUMENT,CRITICAL,SRC-0111,DEMO-500-2026-09-09,,Follow-up pending
NLAS-NET-2026-0112,Parvin Rahman,Netrokona,Sadar,District Legal Aid Office,Woman/Child,Elderly,2026-07-13,2026-07-23,2026-07-24,2026-07-30,LADCS-023,Jahid Khan,ONGOING,2026-07-11,2026-06-21,2026-08-23,2026-11-10,MISSING_KEY_DOCUMENT,HIGH,SRC-0112,DEMO-500-2026-09-09,CHRONOLOGY_CONFLICT,Follow-up pending
NLAS-KHU-2026-0113,Jharna Sultana,Khulna,Rupganj,Chief Judicial Magistrate Court,Woman/Child,,2026-03-10,2026-03-20,2026-04-07,2026-04-12,LADCS-008,Jahid Khan,ONGOING,2026-06-14,2026-04-26;2026-05-09,2026-04-30,2026-07-08,COMPLETE,MEDIUM,SRC-0113,DEMO-500-2026-09-09,,
NLAS-CHA-2026-0114,Nargis Howladar,Chattogram,Kendua,Legal Aid Office,Civil,Low income,2026-05-29,2026-06-01,2026-06-19,2026-06-25,LADCS-029,Shamima Miah,ONGOING,2026-09-06,2026-07-20,2026-07-23,2026-08-27,PARTIAL,MEDIUM,SRC-0114,DEMO-500-2026-09-09,,Hearing preparation required
NLAS-RAJ-2026-0115,Rubel Yasmin,Rajbari,Madhabpur,Senior Assistant Judge Court,Family,Woman,2026-04-27,2026-05-06,2026-05-22,2026-05-24,LADCS-030,Imran Das,ONGOING,2026-06-02,2026-04-28;2026-05-05,2026-06-26,2026-06-11,PARTIAL,CRITICAL,SRC-0115,DEMO-500-2026-09-09,,
NLAS-CHA-2026-0116,Kamal Das,Chattogram,Sadar,District Judge Court,Maintenance,Person with disability,2026-05-15,2026-05-16,2026-05-19,2026-05-21,LADCS-015,Imran Das,SUBMITTED,2026-05-31,2026-05-06,2026-08-11,2026-08-13,MISSING_KEY_DOCUMENT,HIGH,SRC-0116,DEMO-500-2026-09-09,,Follow-up pending
NLAS-KHU-2026-0117,Rubel Hossain,Khulna,Sadar,District Judge Court,Woman/Child,Low income,2025-12-12,2025-12-26,2026-01-11,2026-01-22,LADCS-006,Mahbubur Rahman,ONGOING,2026-03-01,2026-02-03;2026-01-18,2025-12-14,2026-03-12,MISSING_KEY_DOCUMENT,MEDIUM,SRC-0117,DEMO-500-2026-09-09,,Hearing preparation required
NLAS-KHU-2026-0118,Jharna Ahmed,Khulna,Madhabpur,Chief Judicial Magistrate Court,Civil,Child,2026-01-12,2026-01-20,2026-01-21,2026-01-24,LADCS-018,Kazi Tanvir Ahmed,ONGOING,2026-02-12,2025-12-17;2026-01-18,2026-07-04,2026-03-13,COMPLETE,CRITICAL,SRC-0118,DEMO-500-2026-09-09,,
NLAS-CUM-2026-0119,Shamima Miah,Cumilla,Sadar,District Judge Court,Criminal,Child,2026-03-16,2026-03-30,2026-04-13,2026-04-14,LADCS-015,Imran Das,ONGOING,2026-06-05,2026-05-06;2026-04-25,2026-07-08,2026-04-15,MISSING_KEY_DOCUMENT,MEDIUM,SRC-0119,DEMO-500-2026-09-09,,
NLAS-CHA-2026-0120,Abdul Majumder,Chattogram,Kendua,Chief Judicial Magistrate Court,Woman/Child,Child,2026-03-30,2026-03-31,2026-04-09,2026-04-19,LADCS-004,Farida Yasmin,RESOLVED,2026-07-10,,2026-08-06,2026-05-14,PARTIAL,CRITICAL,SRC-0120,DEMO-500-2026-09-09,,
NLAS-NET-2026-0121,Farida Majumder,Netrokona,Rupganj,ADR Forum,Land,None identified,2026-02-19,2026-03-01,2026-03-07,2026-03-11,LADCS-026,Shahidul Chowdhury,ONGOING,2026-03-19,2026-02-19;2026-02-07,2026-03-09,2026-04-05,MISSING_KEY_DOCUMENT,HIGH,SRC-0121,DEMO-500-2026-09-09,,Follow-up pending
NLAS-CHA-2026-0122,Farida Das,Chattogram,Kalai,District Judge Court,Criminal,Person with disability,2026-05-12,2026-05-14,2026-05-23,2026-06-01,LADCS-011,Shahidul Chowdhury,RESOLVED,2026-06-20,2026-06-03;2026-05-16,2026-06-16,2026-07-11,MISSING_KEY_DOCUMENT,CRITICAL,SRC-0122,DEMO-500-2026-09-09,,Hearing preparation required
NLAS-RAJ-2026-0123,Jharna Parvin,Rajbari,Sadar,District Legal Aid Office,Woman/Child,Low income,2026-01-12,2026-01-25,2026-01-27,2026-01-31,LADCS-021,Mahbubur Rahman,ONGOING,2026-03-10,,2026-05-03,2026-02-11,PARTIAL,MEDIUM,SRC-0123,DEMO-500-2026-09-09,,Requires document verification
NLAS-RAJ-2026-0124,Farida Akter,Rajbari,Kalai,District Legal Aid Office,Maintenance,Child,2026-03-28,2026-04-08,2026-04-26,2026-05-04,LADCS-001,Md. Abdur Rauf,ONGOING,2026-07-19,,2026-06-10,2026-03-22,COMPLETE,HIGH,SRC-0124,DEMO-500-2026-09-09,,Hearing preparation required
NLAS-DHA-2026-0125,Mahbub Hossain,Dhaka,Kalai,Chief Metropolitan Magistrate Court,Civil,Minority community,2026-04-24,2026-05-08,2026-05-23,2026-06-02,LADCS-022,Sadia Islam,ONGOING,2026-08-12,,2026-07-07,2026-06-08,MISSING_KEY_DOCUMENT,HIGH,SRC-0125,DEMO-500-2026-09-09,,Requires document verification
NLAS-JOY-2026-0126,Achiya Marma,Joypurhat,Madhabpur,ADR Forum,Woman/Child,Child,2026-02-11,2026-02-22,2026-03-01,2026-03-09,LADCS-023,Jahid Khan,ONGOING,2026-05-30,,2026-07-29,2026-06-11,COMPLETE,HIGH,SRC-0126,DEMO-500-2026-09-09,,Follow-up pending
NLAS-HAB-2026-0127,Nargis Khatun,Habiganj,Sadar,District Legal Aid Office,ADR,Child,2026-01-16,2026-01-29,2026-02-16,2026-02-23,LADCS-008,Jahid Khan,REGISTERED,2026-03-05,2026-02-12;2026-01-10,2026-07-15,2026-05-16,MISSING_KEY_DOCUMENT,CRITICAL,SRC-0127,DEMO-500-2026-09-09,,
NLAS-HAB-2026-0128,Shiuli Parvin,Habiganj,Kalai,Chief Judicial Magistrate Court,Woman/Child,None identified,2026-02-16,2026-02-17,2026-02-21,2026-02-25,LADCS-024,Nusrat Akter,ONGOING,2026-05-21,,2026-08-13,2026-04-02,MISSING_KEY_DOCUMENT,MEDIUM,SRC-0128,DEMO-500-2026-09-09,,Requires document verification
NLAS-KHU-2026-0129,Mst. Salma Rahman,Khulna,Sadar,District Judge Court,Domestic Violence,Child,2026-07-18,2026-07-19,2026-07-28,2026-08-04,LADCS-021,Mahbubur Rahman,ONGOING,2026-09-25,,2026-08-28,2026-08-17,COMPLETE,MEDIUM,SRC-0129,DEMO-500-2026-09-09,,Requires document verification
NLAS-KHU-2026-0130,Farida Chakma,Khulna,Sadar,District Judge Court,Criminal,Minority community,2026-02-13,2026-02-15,2026-02-28,2026-03-10,LADCS-026,Shahidul Chowdhury,RESOLVED,2026-06-04,2026-04-24,2026-07-12,2026-04-14,COMPLETE,CRITICAL,SRC-0130,DEMO-500-2026-09-09,,Hearing preparation required
NLAS-JOY-2026-0131,Mahbub Parvin,Joypurhat,Sadar,ADR Forum,Domestic Violence,Minority community,2026-02-02,2026-02-06,2026-02-17,2026-02-26,LADCS-014,Shamima Miah,ONGOING,2026-03-09,,2026-05-03,2026-06-02,PARTIAL,CRITICAL,SRC-0131,DEMO-500-2026-09-09,,Hearing preparation required
NLAS-DHA-2026-0132,Farida Miah,Dhaka,Madhabpur,Legal Aid Office,Maintenance,Elderly,2025-12-13,2025-12-17,2025-12-21,2025-12-24,LADCS-028,Rashed Karim,RESOLVED,2026-01-23,,2026-09-05,2026-01-27,MISSING_KEY_DOCUMENT,MEDIUM,SRC-0132,DEMO-500-2026-09-09,,Follow-up pending
NLAS-CUM-2026-0133,Rubel Sultana,Cumilla,Sadar,District Judge Court,Domestic Violence,Low income,2026-07-04,2026-07-18,2026-07-24,2026-07-27,LADCS-029,Shamima Miah,RESOLVED,2026-09-28,2026-08-16,2026-07-21,2026-08-03,COMPLETE,CRITICAL,SRC-0133,DEMO-500-2026-09-09,,
NLAS-HAB-2026-0134,Mahbub Majumder,Habiganj,Kalai,Magistrate Court,Criminal,Person with disability,2026-06-19,2026-06-29,2026-07-17,2026-07-28,LADCS-026,Shahidul Chowdhury,ONGOING,2026-10-16,,2026-08-16,2026-10-17,COMPLETE,HIGH,SRC-0134,DEMO-500-2026-09-09,,Follow-up pending
NLAS-NET-2026-0135,Shiuli Khatun,Netrokona,Madhabpur,ADR Forum,Woman/Child,None identified,2026-08-17,2026-08-24,2026-09-05,2026-09-14,LADCS-028,Rashed Karim,AWAITING_RESOLUTION,2026-11-08,2026-10-24,2026-08-20,2026-10-16,MISSING_KEY_DOCUMENT,MEDIUM,SRC-0135,DEMO-500-2026-09-09,,
NLAS-JOY-2026-0136,Jharna Parvin,Joypurhat,Sadar,District Legal Aid Office,Domestic Violence,Child,2026-03-23,2026-03-24,2026-03-31,2026-04-06,LADCS-012,Mariam Begum,ONGOING,2026-06-08,2026-05-13,2026-04-11,2026-05-07,PARTIAL,MEDIUM,SRC-0136,DEMO-500-2026-09-09,,Hearing preparation required
NLAS-JOY-2026-0137,Sultana Miah,Joypurhat,Kendua,District & Sessions Judge Court,Maintenance,Child,2026-03-16,2026-03-21,2026-04-06,2026-04-14,LADCS-022,Sadia Islam,RESOLVED,2026-05-29,,2026-03-28,2026-05-15,COMPLETE,LOW,SRC-0137,DEMO-500-2026-09-09,,Hearing preparation required
NLAS-HAB-2026-0138,Parvin Rahman,Habiganj,Sadar,Chief Judicial Magistrate Court,ADR,Minority community,2026-03-26,2026-04-04,2026-04-12,2026-04-17,LADCS-011,Shahidul Chowdhury,RESOLVED,2026-05-18,2026-04-12;2026-04-17,2026-06-06,2026-04-25,COMPLETE,HIGH,SRC-0138,DEMO-500-2026-09-09,,Follow-up pending
NLAS-NET-2026-0139,Shiuli Majumder,Netrokona,Sadar,District Legal Aid Office,ADR,Minority community,2026-07-17,2026-07-28,2026-08-09,2026-08-12,LADCS-012,Mariam Begum,CLOSED,2026-08-30,2026-07-21,2026-08-21,2026-08-31,MISSING_KEY_DOCUMENT,MEDIUM,SRC-0139,DEMO-500-2026-09-09,,
NLAS-KHU-2026-0140,Momena Das,Khulna,Madhabpur,District Judge Court,Land,Low income,2026-02-12,2026-02-22,2026-03-12,2026-03-20,LADCS-011,Shahidul Chowdhury,ONGOING,2026-06-13,2026-05-17,2026-07-25,2026-03-29,COMPLETE,HIGH,SRC-0140,DEMO-500-2026-09-09,,Hearing preparation required
NLAS-RAJ-2026-0141,Shiuli Howladar,Rajbari,Sadar,Senior Assistant Judge Court,Land,Person with disability,2026-02-22,2026-03-06,2026-03-16,2026-03-19,LADCS-006,Mahbubur Rahman,ONGOING,2026-06-09,,2026-06-11,2026-06-22,PARTIAL,LOW,SRC-0141,DEMO-500-2026-09-09,,Hearing preparation required
NLAS-RAJ-2026-0142,Sultana Parvin,Rajbari,Sadar,Assistant Judge Court,Civil,Elderly,2026-07-02,2026-07-06,2026-07-12,2026-07-23,LADCS-026,Shahidul Chowdhury,ONGOING,2026-09-07,,2026-09-03,2026-08-16,COMPLETE,MEDIUM,SRC-0142,DEMO-500-2026-09-09,,Requires document verification
NLAS-KHU-2026-0143,Mst. Salma Sultana,Khulna,Kendua,Chief Judicial Magistrate Court,Domestic Violence,Minority community,2025-12-02,2025-12-12,2025-12-13,2025-12-17,LADCS-017,Mst. Rokeya Sultana,AWAITING_RESOLUTION,2026-03-02,2026-01-04,2026-08-04,2026-01-31,MISSING_KEY_DOCUMENT,CRITICAL,SRC-0143,DEMO-500-2026-09-09,,Hearing preparation required
NLAS-HAB-2026-0144,Rokeya Hossain,Habiganj,Kalai,Magistrate Court,Maintenance,Child,2026-08-15,2026-08-16,2026-08-28,2026-09-07,LADCS-006,Mahbubur Rahman,ONGOING,2026-11-30,2026-10-09,2026-08-21,2026-10-14,MISSING_KEY_DOCUMENT,CRITICAL,SRC-0144,DEMO-500-2026-09-09,,
NLAS-RAJ-2026-0145,Nasrin Rahman,Rajbari,Madhabpur,Senior Assistant Judge Court,Civil,Minority community,2026-07-29,2026-08-10,2026-08-17,2026-08-18,LADCS-005,Rehana Parvin,ONGOING,2026-11-14,,2026-08-14,2026-09-27,PARTIAL,HIGH,SRC-0145,DEMO-500-2026-09-09,,Requires document verification
NLAS-DHA-2026-0146,Momena Yasmin,Dhaka,Madhabpur,District Judge Court,Family,Minority community,2026-07-29,2026-08-10,2026-08-20,2026-08-26,LADCS-016,Md. Abdur Rauf,ONGOING,2026-09-23,2026-08-24;2026-07-29,2026-08-05,2026-10-27,MISSING_KEY_DOCUMENT,HIGH,SRC-0146,DEMO-500-2026-09-09,,
NLAS-KHU-2026-0147,Sultana Begum,Khulna,Kalai,Legal Aid Office,Family,Low income,2026-04-29,2026-05-09,2026-05-24,2026-05-26,LADCS-018,Kazi Tanvir Ahmed,ONGOING,2026-06-20,,2026-06-22,2026-06-13,COMPLETE,MEDIUM,SRC-0147,DEMO-500-2026-09-09,,Follow-up pending
NLAS-HAB-2026-0148,Farida Howladar,Habiganj,Sadar,Magistrate Court,Woman/Child,Child,2026-03-18,2026-03-23,2026-04-02,2026-04-14,LADCS-004,Farida Yasmin,ONGOING,2026-06-05,,2026-03-21,2026-05-02,MISSING_KEY_DOCUMENT,HIGH,SRC-0148,DEMO-500-2026-09-09,,
NLAS-RAJ-2026-0149,Sultana Barman,Rajbari,Madhabpur,Assistant Judge Court,Land,None identified,2026-02-14,2026-02-27,2026-03-06,2026-03-15,LADCS-009,Nusrat Akter,ONGOING,2026-02-12,2026-01-09;2025-12-19,2026-02-19,2026-05-15,MISSING_KEY_DOCUMENT,HIGH,SRC-0149,DEMO-500-2026-09-09,CHRONOLOGY_CONFLICT,
NLAS-RAJ-2026-0150,Shiuli Begum,Rajbari,Sadar,District Legal Aid Office,Family,Child,2026-09-06,2026-09-15,2026-09-29,2026-10-05,LADCS-027,Mariam Begum,ONGOING,2026-12-15,2026-11-25,2026-09-07,2027-01-04,PARTIAL,MEDIUM,SRC-0150,DEMO-500-2026-09-09,,
NLAS-NET-2026-0151,Kamal Majumder,Netrokona,Sadar,ADR Forum,Criminal,Minority community,2026-08-01,2026-08-10,2026-08-22,2026-08-25,LADCS-015,Imran Das,ONGOING,2026-09-16,,2026-08-05,2026-09-30,MISSING_KEY_DOCUMENT,HIGH,SRC-0151,DEMO-500-2026-09-09,,Requires document verification
NLAS-CHA-2026-0152,Mahbub Sultana,Chattogram,Rupganj,Legal Aid Office,Civil,Woman,2026-03-21,2026-03-23,2026-03-25,2026-03-26,LADCS-004,Farida Yasmin,ONGOING,2026-06-18,,2026-05-27,2026-04-20,MISSING_KEY_DOCUMENT,HIGH,SRC-0152,DEMO-500-2026-09-09,,
NLAS-NET-2026-0153,Farida Marma,Netrokona,Sadar,District & Sessions Judge Court,Criminal,Woman,2026-07-25,2026-07-29,2026-08-06,2026-08-10,LADCS-006,Mahbubur Rahman,ONGOING,2026-10-23,,2026-07-30,2026-09-08,COMPLETE,HIGH,SRC-0153,DEMO-500-2026-09-09,,
NLAS-HAB-2026-0154,Farida Banu,Habiganj,Kendua,Magistrate Court,Maintenance,None identified,2026-02-25,2026-03-08,2026-03-18,2026-03-30,LADCS-027,Mariam Begum,AWAITING_RESOLUTION,2026-05-16,,2026-05-09,2026-05-26,COMPLETE,LOW,SRC-0154,DEMO-500-2026-09-09,,
NLAS-HAB-2026-0155,Shiuli Akter,Habiganj,Rupganj,Chief Judicial Magistrate Court,Criminal,Elderly,2026-07-19,2026-07-29,2026-08-07,2026-08-10,LADCS-007,Sadia Islam,ONGOING,2026-08-19,2026-08-04,2026-08-31,2026-11-16,COMPLETE,CRITICAL,SRC-0155,DEMO-500-2026-09-09,,Follow-up pending
NLAS-JOY-2026-0156,Shiuli Howladar,Joypurhat,Sadar,ADR Forum,Land,Elderly,2026-06-23,2026-07-04,2026-07-16,2026-07-19,LADCS-027,Mariam Begum,ONGOING,2026-09-26,2026-08-20,2026-07-09,2026-07-23,MISSING_KEY_DOCUMENT,MEDIUM,SRC-0156,DEMO-500-2026-09-09,,
NLAS-NET-2026-0157,Momena Miah,Netrokona,Kalai,District & Sessions Judge Court,Maintenance,Elderly,2026-01-10,2026-01-16,2026-01-19,2026-01-21,LADCS-003,Kazi Tanvir Ahmed,AWAITING_RESOLUTION,2026-03-05,,2026-05-18,2026-04-10,MISSING_KEY_DOCUMENT,MEDIUM,SRC-0157,DEMO-500-2026-09-09,,
NLAS-HAB-2026-0158,Md. Arif Majumder,Habiganj,Sadar,Magistrate Court,Civil,Person with disability,2026-08-13,2026-08-19,2026-08-24,2026-08-27,LADCS-004,Farida Yasmin,ONGOING,2026-10-16,2026-09-17;2026-09-09,2026-08-28,2026-09-27,MISSING_KEY_DOCUMENT,CRITICAL,SRC-0158,DEMO-500-2026-09-09,,Requires document verification
NLAS-NET-2026-0159,Taslima Sultana,Netrokona,Sadar,ADR Forum,Civil,Woman,2026-07-26,2026-07-31,2026-08-07,2026-08-19,LADCS-019,Farida Yasmin,ONGOING,2026-09-22,2026-08-22;2026-07-24,2026-09-03,2026-09-09,COMPLETE,LOW,SRC-0159,DEMO-500-2026-09-09,,Requires document verification
NLAS-HAB-2026-0160,Rokeya Marma,Habiganj,Rupganj,Magistrate Court,Family,Elderly,2026-03-24,2026-04-05,2026-04-17,2026-04-26,LADCS-014,Shamima Miah,RESOLVED,2026-05-17,2026-04-19;2026-04-16,2026-05-20,2026-04-23,PARTIAL,HIGH,SRC-0160,DEMO-500-2026-09-09,,Follow-up pending
NLAS-HAB-2026-0161,Shamima Ahmed,Habiganj,Sadar,Chief Judicial Magistrate Court,Family,None identified,2026-05-21,2026-05-27,2026-06-04,2026-06-07,LADCS-013,Rashed Karim,ONGOING,2026-06-30,2026-05-01,2026-07-18,2026-07-05,COMPLETE,MEDIUM,SRC-0161,DEMO-500-2026-09-09,,
NLAS-KHU-2026-0162,Shamima Yasmin,Khulna,Kendua,Chief Judicial Magistrate Court,Domestic Violence,Elderly,2026-03-03,2026-03-10,2026-03-26,2026-03-30,LADCS-010,Aminul Hossain,ONGOING,2026-05-19,2026-04-29,2026-08-09,2026-04-17,COMPLETE,MEDIUM,SRC-0162,DEMO-500-2026-09-09,,Follow-up pending
NLAS-HAB-2026-0163,Shiuli Banu,Habiganj,Sadar,Chief Judicial Magistrate Court,Criminal,Minority community,2026-09-09,2026-09-21,2026-10-07,2026-10-16,LADCS-018,Kazi Tanvir Ahmed,UNDER_REVIEW,2026-10-23,,2026-09-09,2026-10-09,MISSING_KEY_DOCUMENT,MEDIUM,SRC-0163,DEMO-500-2026-09-09,,
NLAS-CHA-2026-0164,Momena Islam,Chattogram,Sadar,Chief Judicial Magistrate Court,Civil,Child,2025-12-26,2026-01-06,2026-01-07,2026-01-11,LADCS-009,Nusrat Akter,ONGOING,2026-01-23,,2026-07-12,2026-01-25,COMPLETE,HIGH,SRC-0164,DEMO-500-2026-09-09,,Requires document verification
NLAS-NET-2026-0165,Nasrin Banu,Netrokona,Sadar,District & Sessions Judge Court,Woman/Child,Elderly,2026-08-09,2026-08-12,2026-08-28,2026-09-01,LADCS-030,Imran Das,ONGOING,2026-11-13,2026-10-21,2026-08-23,2026-08-03,PARTIAL,MEDIUM,SRC-0165,DEMO-500-2026-09-09,,
NLAS-KHU-2026-0166,Taslima Akter,Khulna,Rupganj,Chief Judicial Magistrate Court,Family,Low income,2026-07-07,2026-07-20,2026-07-30,2026-08-03,LADCS-026,Shahidul Chowdhury,SUBMITTED,2026-08-16,2026-07-13,2026-08-08,2026-08-06,PARTIAL,HIGH,SRC-0166,DEMO-500-2026-09-09,,
NLAS-JOY-2026-0167,Momena Miah,Joypurhat,Kendua,ADR Forum,Civil,None identified,2026-07-16,2026-07-28,2026-08-04,2026-08-06,LADCS-018,Kazi Tanvir Ahmed,ONGOING,2026-09-10,2026-07-12;2026-07-29,2026-09-04,2026-11-13,COMPLETE,HIGH,SRC-0167,DEMO-500-2026-09-09,,Requires document verification
NLAS-KHU-2026-0168,Shiuli Chakma,Khulna,Madhabpur,District Judge Court,Family,Minority community,2026-02-13,2026-02-20,2026-02-23,2026-02-27,LADCS-013,Rashed Karim,ONGOING,2026-05-20,2026-03-24;2026-04-28,2026-06-19,2026-04-14,COMPLETE,LOW,SRC-0168,DEMO-500-2026-09-09,,Follow-up pending
NLAS-RAJ-2026-0169,Shamima Begum,Rajbari,Kalai,Senior Assistant Judge Court,Criminal,Low income,2026-07-02,2026-07-13,2026-07-31,2026-08-09,LADCS-010,Aminul Hossain,RESOLVED,2026-08-26,2026-07-23,2026-08-05,2026-08-01,MISSING_KEY_DOCUMENT,LOW,SRC-0169,DEMO-500-2026-09-09,,Requires document verification
NLAS-HAB-2026-0170,Achiya Khatun,Habiganj,Madhabpur,Chief Judicial Magistrate Court,Maintenance,Child,2026-08-26,2026-09-05,2026-09-12,2026-09-17,LADCS-028,Rashed Karim,ONGOING,2026-09-30,,2026-08-26,2026-12-24,PARTIAL,CRITICAL,SRC-0170,DEMO-500-2026-09-09,,Hearing preparation required
NLAS-DHA-2026-0171,Md. Arif Das,Dhaka,Sadar,Chief Metropolitan Magistrate Court,Family,Child,2026-08-17,2026-08-19,2026-08-24,2026-09-04,LADCS-023,Jahid Khan,ONGOING,2026-11-26,,2026-08-25,2026-10-01,PARTIAL,MEDIUM,SRC-0171,DEMO-500-2026-09-09,,
NLAS-HAB-2026-0172,Parvin Hossain,Habiganj,Rupganj,District Legal Aid Office,Criminal,Child,2026-05-17,2026-05-30,2026-06-09,2026-06-11,LADCS-008,Jahid Khan,RESOLVED,2026-08-21,2026-07-30;2026-08-05,2026-08-14,2026-06-16,COMPLETE,HIGH,SRC-0172,DEMO-500-2026-09-09,,Hearing preparation required
NLAS-HAB-2026-0173,Rahima Begum,Habiganj,Kalai,District Legal Aid Office,ADR,,2026-01-18,2026-01-22,2026-02-06,2026-02-18,LADCS-008,Jahid Khan,ONGOING,2026-04-22,2026-03-01,2026-03-24,2026-03-19,MISSING_KEY_DOCUMENT,LOW,SRC-0173,DEMO-500-2026-09-09,,Requires document verification
NLAS-CUM-2026-0174,Momena Yasmin,Cumilla,Sadar,District Judge Court,Land,Low income,2026-02-22,2026-02-24,2026-03-02,2026-03-08,LADCS-028,Rashed Karim,UNDER_REVIEW,2026-04-01,2026-02-02,2026-03-11,2026-04-23,MISSING_KEY_DOCUMENT,CRITICAL,SRC-0174,DEMO-500-2026-09-09,,Requires document verification
NLAS-RAJ-2026-0175,Jharna Akter,Rajbari,Kalai,District Legal Aid Office,Land,Person with disability,2026-03-06,2026-03-13,2026-03-14,2026-03-24,LADCS-005,Rehana Parvin,ONGOING,2026-06-04,2026-05-01;2026-05-14,2026-05-22,2026-07-04,MISSING_KEY_DOCUMENT,MEDIUM,SRC-0175,DEMO-500-2026-09-09,,Hearing preparation required
NLAS-JOY-2026-0176,Kamal Das,Joypurhat,Madhabpur,District & Sessions Judge Court,Family,,2026-07-19,2026-07-20,2026-07-26,2026-08-04,LADCS-023,Jahid Khan,ONGOING,2026-09-15,,2026-08-02,2026-09-17,MISSING_KEY_DOCUMENT,LOW,SRC-0176,DEMO-500-2026-09-09,,Follow-up pending
NLAS-KHU-2026-0177,Shiuli Rahman,Khulna,Sadar,District Judge Court,Woman/Child,Woman,2026-01-10,2026-01-13,2026-01-29,2026-02-09,LADCS-004,Farida Yasmin,ONGOING,2026-03-17,2026-02-16,2026-05-16,2026-03-11,COMPLETE,HIGH,SRC-0177,DEMO-500-2026-09-09,,Requires document verification
NLAS-CHA-2026-0178,Shamima Chakma,Chattogram,Sadar,District Judge Court,Domestic Violence,Low income,2026-04-21,2026-04-25,2026-04-29,2026-05-08,LADCS-018,Kazi Tanvir Ahmed,ONGOING,2026-07-27,,2026-06-01,2026-08-19,MISSING_KEY_DOCUMENT,HIGH,SRC-0178,DEMO-500-2026-09-09,,
NLAS-KHU-2026-0179,Taslima Begum,Khulna,Madhabpur,Legal Aid Office,Criminal,Low income,2025-12-24,2025-12-29,2025-12-30,2026-01-07,LADCS-023,Jahid Khan,REGISTERED,2026-01-19,,2026-05-16,2026-01-23,PARTIAL,MEDIUM,SRC-0179,DEMO-500-2026-09-09,,
NLAS-CHA-2026-0180,Nasrin Khatun,Chattogram,Sadar,District Judge Court,ADR,Low income,2026-01-18,2026-02-01,2026-02-15,2026-02-22,LADCS-015,Imran Das,ONGOING,2026-03-20,,2026-06-08,2026-02-17,PARTIAL,HIGH,SRC-0180,DEMO-500-2026-09-09,,Hearing preparation required
NLAS-CUM-2026-0181,Saiful Banu,Cumilla,Madhabpur,Senior Judicial Magistrate Court,Civil,Person with disability,2026-03-27,2026-04-10,2026-04-25,2026-04-29,LADCS-028,Rashed Karim,ONGOING,2026-06-28,,2026-06-06,2026-07-25,COMPLETE,CRITICAL,SRC-0181,DEMO-500-2026-09-09,,Hearing preparation required
NLAS-JOY-2026-0182,Farida Hossain,Joypurhat,Sadar,District & Sessions Judge Court,Land,Person with disability,2026-05-13,2026-05-24,2026-06-07,2026-06-10,LADCS-009,Nusrat Akter,RESOLVED,2026-07-10,2026-05-24,2026-07-25,2026-09-10,MISSING_KEY_DOCUMENT,MEDIUM,SRC-0182,DEMO-500-2026-09-09,,
NLAS-RAJ-2026-0183,Nasrin Marma,Rajbari,Kendua,Senior Assistant Judge Court,Woman/Child,Child,2026-04-27,2026-05-01,2026-05-13,2026-05-17,LADCS-010,Aminul Hossain,ONGOING,2026-07-06,,2026-06-01,2026-08-25,COMPLETE,HIGH,SRC-0183,DEMO-500-2026-09-09,,
NLAS-CUM-2026-0184,Mst. Salma Chakma,Cumilla,Madhabpur,Senior Judicial Magistrate Court,ADR,Minority community,2026-01-07,2026-01-21,2026-01-30,2026-02-07,LADCS-009,Nusrat Akter,RESOLVED,2026-02-26,,2026-01-24,2026-04-07,PARTIAL,LOW,SRC-0184,DEMO-500-2026-09-09,,Hearing preparation required
NLAS-NET-2026-0185,Achiya Rahman,Netrokona,Kendua,District Legal Aid Office,Maintenance,Minority community,2026-03-20,2026-03-26,2026-03-29,2026-03-31,LADCS-003,Kazi Tanvir Ahmed,UNDER_REVIEW,2026-04-09,,2026-08-29,2026-04-19,PARTIAL,LOW,SRC-0185,DEMO-500-2026-09-09,,Hearing preparation required
NLAS-CHA-2026-0186,Abdul Howladar,Chattogram,Madhabpur,District Judge Court,Criminal,Child,2026-03-20,2026-03-30,2026-04-17,2026-04-25,LADCS-005,Rehana Parvin,RESOLVED,2026-03-07,2026-02-08,2026-05-06,2026-07-18,COMPLETE,HIGH,SRC-0186,DEMO-500-2026-09-09,CHRONOLOGY_CONFLICT,Requires document verification
NLAS-DHA-2026-0187,Md. Arif Sultana,Dhaka,Kalai,Chief Metropolitan Magistrate Court,Woman/Child,Child,2026-02-04,2026-02-05,2026-02-12,2026-02-23,LADCS-022,Sadia Islam,ONGOING,2026-03-15,2026-02-11,2026-07-20,2026-03-21,COMPLETE,CRITICAL,SRC-0187,DEMO-500-2026-09-09,,
NLAS-HAB-2026-0188,Sultana Miah,Habiganj,Sadar,Magistrate Court,Land,None identified,2026-08-22,2026-09-03,2026-09-15,2026-09-17,LADCS-022,Sadia Islam,ONGOING,2026-10-30,2026-10-04,2026-09-08,2026-10-21,PARTIAL,MEDIUM,SRC-0188,DEMO-500-2026-09-09,,Follow-up pending
NLAS-HAB-2026-0189,Rubel Akter,Habiganj,Madhabpur,District Legal Aid Office,Civil,Minority community,2026-03-25,2026-04-02,2026-04-10,2026-04-14,LADCS-030,Imran Das,ONGOING,2026-05-17,,2026-08-04,2026-05-09,MISSING_KEY_DOCUMENT,LOW,SRC-0189,DEMO-500-2026-09-09,,Follow-up pending
NLAS-CUM-2026-0190,Jharna Parvin,Cumilla,Sadar,District Judge Court,Criminal,Low income,2025-12-23,2025-12-29,2026-01-03,2026-01-12,LADCS-018,Kazi Tanvir Ahmed,AWAITING_RESOLUTION,2026-03-04,2026-02-03;2026-01-16,2026-06-26,2026-01-22,PARTIAL,MEDIUM,SRC-0190,DEMO-500-2026-09-09,,
NLAS-CHA-2026-0191,Shiuli Marma,Chattogram,Rupganj,District Judge Court,Civil,Person with disability,2026-05-23,2026-05-29,2026-06-04,2026-06-12,LADCS-008,Jahid Khan,ONGOING,2026-08-15,,2026-06-27,2026-07-07,PARTIAL,LOW,SRC-0191,DEMO-500-2026-09-09,,Requires document verification
NLAS-RAJ-2026-0192,Md. Arif Barman,Rajbari,Rupganj,District Legal Aid Office,Maintenance,Minority community,2026-02-28,2026-03-07,2026-03-23,2026-03-31,LADCS-019,Farida Yasmin,ONGOING,2026-04-24,,2026-04-28,2026-06-28,PARTIAL,MEDIUM,SRC-0192,DEMO-500-2026-09-09,,Hearing preparation required
NLAS-NET-2026-0193,Md. Arif Sultana,Netrokona,Kalai,District Legal Aid Office,Land,,2026-08-11,2026-08-17,2026-08-27,2026-08-30,LADCS-027,Mariam Begum,ONGOING,2026-11-21,,2026-08-31,2026-11-09,MISSING_KEY_DOCUMENT,HIGH,SRC-0193,DEMO-500-2026-09-09,,
NLAS-HAB-2026-0194,Rokeya Islam,Habiganj,Kendua,District Legal Aid Office,Maintenance,Minority community,2026-03-12,2026-03-26,2026-03-31,2026-04-01,LADCS-011,Shahidul Chowdhury,CLOSED,2026-06-22,2026-05-28,2026-08-17,2026-04-11,COMPLETE,HIGH,SRC-0194,DEMO-500-2026-09-09,,Follow-up pending
NLAS-NET-2026-0195,Md. Arif Majumder,Netrokona,Kendua,ADR Forum,Criminal,Low income,2026-05-15,2026-05-23,2026-06-09,2026-06-21,LADCS-008,Jahid Khan,ONGOING,2026-09-10,2026-08-14,2026-08-18,2026-06-14,PARTIAL,MEDIUM,SRC-0195,DEMO-500-2026-09-09,,Follow-up pending
NLAS-CUM-2026-0196,Saiful Banu,Cumilla,Kalai,Legal Aid Office,Civil,None identified,2026-03-26,2026-04-07,2026-04-25,2026-04-30,LADCS-018,Kazi Tanvir Ahmed,ONGOING,2026-06-11,2026-04-14;2026-05-25,2026-09-08,2026-05-10,COMPLETE,LOW,SRC-0196,DEMO-500-2026-09-09,,Requires document verification
NLAS-CHA-2026-0197,Md. Arif Marma,Chattogram,Kendua,District Judge Court,Domestic Violence,,2026-09-09,2026-09-19,2026-09-30,2026-10-07,LADCS-021,Mahbubur Rahman,SUBMITTED,2026-10-16,2026-08-24;2026-09-15,2026-09-09,2026-12-08,COMPLETE,LOW,SRC-0197,DEMO-500-2026-09-09,,
NLAS-DHA-2026-0198,Mst. Salma Hossain,Dhaka,Sadar,Chief Metropolitan Magistrate Court,Maintenance,Person with disability,2026-01-10,2026-01-18,2026-01-27,2026-01-29,LADCS-028,Rashed Karim,ONGOING,2026-03-17,2026-01-20,2026-09-04,2026-04-10,PARTIAL,LOW,SRC-0198,DEMO-500-2026-09-09,,
NLAS-HAB-2026-0199,Momena Begum,Habiganj,Kendua,District Legal Aid Office,Woman/Child,Low income,2026-02-18,2026-03-01,2026-03-07,2026-03-10,LADCS-027,Mariam Begum,CLOSED,2026-05-29,2026-04-13,2026-05-29,2026-05-19,PARTIAL,HIGH,SRC-0199,DEMO-500-2026-09-09,,Requires document verification
NLAS-JOY-2026-0200,Kamal Ahmed,Joypurhat,Madhabpur,District & Sessions Judge Court,Land,Low income,2026-05-22,2026-05-28,2026-05-31,2026-06-01,LADCS-006,Mahbubur Rahman,ONGOING,2026-08-16,2026-07-25,2026-05-31,2026-08-20,COMPLETE,MEDIUM,SRC-0200,DEMO-500-2026-09-09,,Follow-up pending
NLAS-DHA-2026-0201,Saiful Barman,Dhaka,Kalai,Legal Aid Office,Domestic Violence,Woman,2026-08-16,2026-08-26,2026-09-10,2026-09-14,LADCS-012,Mariam Begum,RESOLVED,2026-10-18,,2026-09-06,2026-11-14,COMPLETE,CRITICAL,SRC-0201,DEMO-500-2026-09-09,,Hearing preparation required
NLAS-NET-2026-0202,Rokeya Rahman,Netrokona,Madhabpur,District & Sessions Judge Court,Domestic Violence,,2026-04-12,2026-04-21,2026-04-30,2026-05-06,LADCS-002,Mst. Rokeya Sultana,ONGOING,2026-07-28,2026-06-24;2026-06-26,2026-07-29,2026-07-11,MISSING_KEY_DOCUMENT,HIGH,SRC-0202,DEMO-500-2026-09-09,,Hearing preparation required
NLAS-KHU-2026-0203,Momena Akter,Khulna,Kalai,Chief Judicial Magistrate Court,Land,,2026-08-05,2026-08-10,2026-08-26,2026-09-03,LADCS-024,Nusrat Akter,ONGOING,2026-10-27,,2026-08-21,2026-09-19,COMPLETE,LOW,SRC-0203,DEMO-500-2026-09-09,,
NLAS-CHA-2026-0204,Md. Arif Banu,Chattogram,Sadar,Chief Judicial Magistrate Court,Civil,Child,2026-07-28,2026-08-01,2026-08-13,2026-08-19,LADCS-015,Imran Das,ONGOING,2026-11-08,2026-09-17;2026-10-03,2026-08-26,2026-10-26,PARTIAL,LOW,SRC-0204,DEMO-500-2026-09-09,,
NLAS-RAJ-2026-0205,Momena Hossain,Rajbari,Sadar,Assistant Judge Court,Maintenance,Minority community,2026-09-04,2026-09-17,2026-09-24,2026-09-25,LADCS-013,Rashed Karim,ONGOING,2026-10-25,2026-09-13,2026-09-06,2026-11-03,PARTIAL,LOW,SRC-0205,DEMO-500-2026-09-09,,Requires document verification
NLAS-DHA-2026-0206,Taslima Yasmin,Dhaka,Rupganj,Chief Metropolitan Magistrate Court,ADR,Person with disability,2025-12-15,2025-12-25,2025-12-26,2025-12-27,LADCS-027,Mariam Begum,UNDER_REVIEW,2026-03-05,2026-01-20;2026-02-15,2026-03-31,2025-12-06,PARTIAL,LOW,SRC-0206,DEMO-500-2026-09-09,,Requires document verification
NLAS-HAB-2026-0207,Taslima Hossain,Habiganj,Kendua,Chief Judicial Magistrate Court,Woman/Child,Minority community,2026-01-13,2026-01-26,2026-02-09,2026-02-20,LADCS-018,Kazi Tanvir Ahmed,ONGOING,2026-04-01,,2026-02-28,2026-03-14,COMPLETE,LOW,SRC-0207,DEMO-500-2026-09-09,,Requires document verification
NLAS-RAJ-2026-0208,Rokeya Hossain,Rajbari,Madhabpur,District Legal Aid Office,ADR,Woman,2026-06-03,2026-06-10,2026-06-17,2026-06-20,LADCS-017,Mst. Rokeya Sultana,UNDER_REVIEW,2026-09-04,,2026-06-30,2026-09-01,PARTIAL,HIGH,SRC-0208,DEMO-500-2026-09-09,,Requires document verification
NLAS-RAJ-2026-0209,Shamima Miah,Rajbari,Sadar,District Legal Aid Office,Domestic Violence,None identified,2026-06-07,2026-06-19,2026-07-02,2026-07-05,LADCS-009,Nusrat Akter,ONGOING,2026-09-12,,2026-08-19,2026-08-06,PARTIAL,CRITICAL,SRC-0209,DEMO-500-2026-09-09,,Hearing preparation required
NLAS-HAB-2026-0210,Farida Yasmin,Habiganj,Kendua,District Legal Aid Office,Land,Child,2026-06-12,2026-06-23,2026-06-25,2026-07-03,LADCS-003,Kazi Tanvir Ahmed,ONGOING,2026-09-12,2026-08-26,2026-06-28,2026-07-27,COMPLETE,CRITICAL,SRC-0210,DEMO-500-2026-09-09,,Follow-up pending
NLAS-CHA-2026-0211,Sultana Islam,Chattogram,Sadar,District Judge Court,Maintenance,,2026-03-08,2026-03-16,2026-03-27,2026-03-30,LADCS-013,Rashed Karim,AWAITING_RESOLUTION,2026-06-18,,2026-04-28,2026-06-06,COMPLETE,HIGH,SRC-0211,DEMO-500-2026-09-09,,
NLAS-CUM-2026-0212,Momena Sultana,Cumilla,Kendua,Legal Aid Office,Woman/Child,,2026-09-03,2026-09-12,2026-09-24,2026-10-02,LADCS-012,Mariam Begum,RESOLVED,2026-12-12,2026-10-24,2026-09-06,2026-12-02,MISSING_KEY_DOCUMENT,LOW,SRC-0212,DEMO-500-2026-09-09,,
NLAS-CHA-2026-0213,Momena Marma,Chattogram,Sadar,Legal Aid Office,Criminal,Child,2026-08-31,2026-09-03,2026-09-08,2026-09-20,LADCS-007,Sadia Islam,ONGOING,2026-11-30,2026-11-01,2026-09-03,2026-11-29,PARTIAL,LOW,SRC-0213,DEMO-500-2026-09-09,,Hearing preparation required
NLAS-CUM-2026-0214,Rokeya Banu,Cumilla,Sadar,Senior Judicial Magistrate Court,Civil,Woman,2026-08-22,2026-08-28,2026-09-05,2026-09-14,LADCS-010,Aminul Hossain,ONGOING,2026-11-27,2026-09-28;2026-10-29,2026-08-29,2026-10-21,MISSING_KEY_DOCUMENT,MEDIUM,SRC-0214,DEMO-500-2026-09-09,,Follow-up pending
NLAS-JOY-2026-0215,Rahima Akter,Joypurhat,Madhabpur,ADR Forum,Civil,,2026-08-18,2026-08-27,2026-08-31,2026-09-09,LADCS-015,Imran Das,ONGOING,2026-11-27,2026-11-06,2026-08-18,2026-10-02,PARTIAL,MEDIUM,SRC-0215,DEMO-500-2026-09-09,,Follow-up pending
NLAS-RAJ-2026-0216,Nargis Marma,Rajbari,Sadar,Senior Assistant Judge Court,Civil,Minority community,2026-04-29,2026-05-09,2026-05-24,2026-06-03,LADCS-021,Mahbubur Rahman,ONGOING,2026-06-14,2026-04-27;2026-05-07,2026-05-02,2026-06-28,COMPLETE,MEDIUM,SRC-0216,DEMO-500-2026-09-09,,
NLAS-CHA-2026-0217,Achiya Das,Chattogram,Kalai,Chief Judicial Magistrate Court,Maintenance,Minority community,2026-04-12,2026-04-23,2026-05-06,2026-05-17,LADCS-005,Rehana Parvin,ONGOING,2026-07-29,,2026-06-02,2026-05-27,COMPLETE,CRITICAL,SRC-0217,DEMO-500-2026-09-09,,
NLAS-RAJ-2026-0218,Nargis Banu,Rajbari,Sadar,District Legal Aid Office,Civil,Low income,2026-07-03,2026-07-15,2026-07-16,2026-07-18,LADCS-008,Jahid Khan,ONGOING,2026-09-13,2026-08-14;2026-08-22,2026-08-26,2026-10-31,MISSING_KEY_DOCUMENT,LOW,SRC-0218,DEMO-500-2026-09-09,,Requires document verification
NLAS-HAB-2026-0219,Jharna Ahmed,Habiganj,Sadar,Chief Judicial Magistrate Court,Criminal,Person with disability,2026-08-09,2026-08-19,2026-09-06,2026-09-10,LADCS-003,Kazi Tanvir Ahmed,AWAITING_RESOLUTION,2026-11-24,2026-10-17;2026-10-03,2026-08-09,2026-09-08,PARTIAL,CRITICAL,SRC-0219,DEMO-500-2026-09-09,,Follow-up pending
NLAS-KHU-2026-0220,Mahbub Ahmed,Khulna,Sadar,District Judge Court,Family,Child,2026-06-17,2026-06-26,2026-07-12,2026-07-13,LADCS-001,Md. Abdur Rauf,SUBMITTED,2026-08-08,,2026-08-10,2026-08-16,MISSING_KEY_DOCUMENT,CRITICAL,SRC-0220,DEMO-500-2026-09-09,,Hearing preparation required
NLAS-RAJ-2026-0221,Momena Khatun,Rajbari,Rupganj,Assistant Judge Court,Woman/Child,Minority community,2026-07-21,2026-08-01,2026-08-07,2026-08-17,LADCS-026,Shahidul Chowdhury,AWAITING_RESOLUTION,2026-11-13,,2026-08-03,2026-09-04,COMPLETE,LOW,SRC-0221,DEMO-500-2026-09-09,,
NLAS-RAJ-2026-0222,Nargis Miah,Rajbari,Kalai,District Legal Aid Office,Land,Woman,2026-06-29,2026-07-09,2026-07-25,2026-07-30,LADCS-019,Farida Yasmin,ONGOING,2026-09-12,2026-08-15,2026-09-03,2026-08-13,PARTIAL,MEDIUM,SRC-0222,DEMO-500-2026-09-09,,
NLAS-JOY-2026-0223,Jharna Khatun,Joypurhat,Kalai,District & Sessions Judge Court,Criminal,Low income,2026-04-27,2026-05-01,2026-05-03,2026-05-05,LADCS-001,Md. Abdur Rauf,RESOLVED,2026-04-14,2026-03-20,2026-04-28,2026-06-26,MISSING_KEY_DOCUMENT,MEDIUM,SRC-0223,DEMO-500-2026-09-09,CHRONOLOGY_CONFLICT,Hearing preparation required
NLAS-DHA-2026-0224,Mahbub Yasmin,Dhaka,Kalai,Legal Aid Office,Maintenance,,2026-01-05,2026-01-08,2026-01-15,2026-01-18,LADCS-027,Mariam Begum,ONGOING,2026-03-12,2026-02-07,2026-03-16,2026-05-05,PARTIAL,LOW,SRC-0224,DEMO-500-2026-09-09,,Follow-up pending
NLAS-KHU-2026-0225,Sultana Khatun,Khulna,Kendua,Legal Aid Office,Criminal,,2026-02-19,2026-02-28,2026-03-10,2026-03-17,LADCS-006,Mahbubur Rahman,ONGOING,2026-05-13,2026-04-09,2026-08-13,2026-04-20,PARTIAL,CRITICAL,SRC-0225,DEMO-500-2026-09-09,,Hearing preparation required
NLAS-KHU-2026-0226,Rahima Marma,Khulna,Sadar,Legal Aid Office,ADR,Child,2026-05-03,2026-05-17,2026-05-21,2026-06-02,LADCS-026,Shahidul Chowdhury,AWAITING_RESOLUTION,2026-07-12,,2026-08-13,2026-07-02,COMPLETE,CRITICAL,SRC-0226,DEMO-500-2026-09-09,,Hearing preparation required
NLAS-DHA-2026-0227,Rahima Marma,Dhaka,Sadar,District Judge Court,ADR,None identified,2026-03-26,2026-03-27,2026-04-08,2026-04-20,LADCS-022,Sadia Islam,ONGOING,2026-07-03,2026-05-12;2026-05-25,2026-06-01,2026-04-25,COMPLETE,MEDIUM,SRC-0227,DEMO-500-2026-09-09,,
NLAS-RAJ-2026-0228,Taslima Ahmed,Rajbari,Rupganj,Senior Assistant Judge Court,Civil,Woman,2026-03-06,2026-03-13,2026-03-22,2026-03-26,LADCS-019,Farida Yasmin,ONGOING,2026-06-14,,2026-04-27,2026-07-04,PARTIAL,LOW,SRC-0228,DEMO-500-2026-09-09,,Requires document verification
NLAS-RAJ-2026-0229,Rokeya Parvin,Rajbari,Sadar,Senior Assistant Judge Court,Land,Woman,2026-05-29,2026-05-31,2026-06-12,2026-06-20,LADCS-024,Nusrat Akter,ONGOING,2026-08-18,2026-07-12,2026-06-17,2026-08-27,PARTIAL,HIGH,SRC-0229,DEMO-500-2026-09-09,,
NLAS-JOY-2026-0230,Shamima Chakma,Joypurhat,Kendua,District & Sessions Judge Court,Land,Person with disability,2026-03-13,2026-03-18,2026-03-22,2026-03-31,LADCS-008,Jahid Khan,AWAITING_RESOLUTION,2026-05-02,,2026-06-06,2026-05-12,MISSING_KEY_DOCUMENT,CRITICAL,SRC-0230,DEMO-500-2026-09-09,,Hearing preparation required
NLAS-NET-2026-0231,Nargis Akter,Netrokona,Sadar,District & Sessions Judge Court,Family,,2026-08-30,2026-09-09,2026-09-10,2026-09-19,LADCS-025,Aminul Hossain,UNDER_REVIEW,2026-10-31,,2026-09-02,2026-10-29,PARTIAL,LOW,SRC-0231,DEMO-500-2026-09-09,,Requires document verification
NLAS-KHU-2026-0232,Md. Arif Islam,Khulna,Sadar,Chief Judicial Magistrate Court,Woman/Child,Elderly,2026-01-12,2026-01-23,2026-02-07,2026-02-13,LADCS-008,Jahid Khan,ONGOING,2026-02-27,,2026-06-26,2026-05-12,MISSING_KEY_DOCUMENT,HIGH,SRC-0232,DEMO-500-2026-09-09,,
NLAS-CUM-2026-0233,Achiya Majumder,Cumilla,Madhabpur,Legal Aid Office,Land,Person with disability,2026-03-17,2026-03-31,2026-04-18,2026-04-25,LADCS-025,Aminul Hossain,AWAITING_RESOLUTION,2026-06-05,2026-05-17,2026-07-05,2026-05-01,COMPLETE,MEDIUM,SRC-0233,DEMO-500-2026-09-09,,
NLAS-DHA-2026-0234,Saiful Rahman,Dhaka,Kalai,Chief Metropolitan Magistrate Court,Domestic Violence,Person with disability,2025-12-13,2025-12-18,2025-12-24,2026-01-05,LADCS-028,Rashed Karim,ONGOING,2026-02-05,2026-01-03,2026-03-29,2026-01-12,COMPLETE,MEDIUM,SRC-0234,DEMO-500-2026-09-09,,
NLAS-CUM-2026-0235,Nasrin Islam,Cumilla,Madhabpur,Senior Judicial Magistrate Court,Family,Minority community,2026-02-04,2026-02-17,2026-02-24,2026-03-08,LADCS-009,Nusrat Akter,AWAITING_RESOLUTION,2026-05-31,,2026-07-19,2026-05-05,PARTIAL,CRITICAL,SRC-0235,DEMO-500-2026-09-09,,Hearing preparation required
NLAS-CHA-2026-0236,Mst. Salma Khatun,Chattogram,Rupganj,Legal Aid Office,Civil,Low income,2026-04-11,2026-04-23,2026-04-30,2026-05-03,LADCS-002,Mst. Rokeya Sultana,ONGOING,2026-07-04,2026-05-10,2026-06-20,2026-07-10,COMPLETE,HIGH,SRC-0236,DEMO-500-2026-09-09,,
NLAS-RAJ-2026-0237,Rokeya Miah,Rajbari,Rupganj,District Legal Aid Office,Woman/Child,Minority community,2026-05-28,2026-06-10,2026-06-12,2026-06-19,LADCS-011,Shahidul Chowdhury,ONGOING,2026-09-03,2026-07-11,2026-08-01,2026-08-26,PARTIAL,HIGH,SRC-0237,DEMO-500-2026-09-09,,Follow-up pending
NLAS-DHA-2026-0238,Kamal Rahman,Dhaka,Kendua,Legal Aid Office,Maintenance,Child,2026-03-21,2026-03-28,2026-04-08,2026-04-15,LADCS-006,Mahbubur Rahman,UNDER_REVIEW,2026-05-04,,2026-03-21,2026-04-20,PARTIAL,HIGH,SRC-0238,DEMO-500-2026-09-09,,
NLAS-JOY-2026-0239,Kamal Banu,Joypurhat,Sadar,District Legal Aid Office,Domestic Violence,Low income,2026-05-27,2026-06-05,2026-06-13,2026-06-17,LADCS-022,Sadia Islam,ONGOING,2026-08-28,2026-07-15;2026-07-23,2026-06-04,2026-07-11,MISSING_KEY_DOCUMENT,CRITICAL,SRC-0239,DEMO-500-2026-09-09,,
NLAS-HAB-2026-0240,Achiya Hossain,Habiganj,Kalai,Magistrate Court,Domestic Violence,Minority community,2026-05-07,2026-05-17,2026-06-03,2026-06-06,LADCS-025,Aminul Hossain,AWAITING_RESOLUTION,2026-06-15,2026-05-06,2026-06-26,2026-07-06,MISSING_KEY_DOCUMENT,HIGH,SRC-0240,DEMO-500-2026-09-09,,
NLAS-NET-2026-0241,Sultana Yasmin,Netrokona,Rupganj,District & Sessions Judge Court,ADR,Person with disability,2026-02-06,2026-02-08,2026-02-16,2026-02-19,LADCS-009,Nusrat Akter,ONGOING,2026-03-11,2026-01-28;2026-01-11,2026-08-28,2026-03-23,COMPLETE,CRITICAL,SRC-0241,DEMO-500-2026-09-09,,
NLAS-HAB-2026-0242,Shiuli Hossain,Habiganj,Kalai,District Legal Aid Office,Land,Minority community,2026-04-26,2026-05-02,2026-05-14,2026-05-16,LADCS-013,Rashed Karim,ONGOING,2026-06-02,2026-04-04;2026-04-03,2026-05-17,2026-07-25,COMPLETE,LOW,SRC-0242,DEMO-500-2026-09-09,,Hearing preparation required
NLAS-CUM-2026-0243,Taslima Yasmin,Cumilla,Sadar,Legal Aid Office,Family,Elderly,2026-07-15,2026-07-16,2026-08-03,2026-08-09,LADCS-024,Nusrat Akter,ONGOING,2026-08-17,,2026-07-27,2026-09-13,COMPLETE,CRITICAL,SRC-0243,DEMO-500-2026-09-09,,
NLAS-CUM-2026-0244,Sultana Majumder,Cumilla,Madhabpur,Senior Judicial Magistrate Court,Woman/Child,Woman,2026-01-04,2026-01-13,2026-01-22,2026-01-23,LADCS-028,Rashed Karim,ONGOING,2026-03-15,,2026-01-16,2026-05-04,PARTIAL,CRITICAL,SRC-0244,DEMO-500-2026-09-09,,Requires document verification
NLAS-JOY-2026-0245,Mahbub Barman,Joypurhat,Sadar,ADR Forum,Woman/Child,Minority community,2026-04-28,2026-04-30,2026-05-07,2026-05-13,LADCS-027,Mariam Begum,ONGOING,2026-07-29,,2026-05-02,2026-06-27,PARTIAL,HIGH,SRC-0245,DEMO-500-2026-09-09,,Follow-up pending
NLAS-CHA-2026-0246,Jharna Akter,Chattogram,Sadar,District Judge Court,Criminal,Elderly,2026-02-04,2026-02-14,2026-02-22,2026-02-24,LADCS-022,Sadia Islam,AWAITING_RESOLUTION,2026-04-25,2026-03-27,2026-08-29,2026-05-05,COMPLETE,CRITICAL,SRC-0246,DEMO-500-2026-09-09,,Follow-up pending
NLAS-RAJ-2026-0247,Sultana Barman,Rajbari,Kendua,District Legal Aid Office,Civil,Person with disability,2026-05-21,2026-06-03,2026-06-08,2026-06-18,LADCS-026,Shahidul Chowdhury,ONGOING,2026-08-17,2026-06-21,2026-06-17,2026-05-03,MISSING_KEY_DOCUMENT,LOW,SRC-0247,DEMO-500-2026-09-09,,
NLAS-HAB-2026-0248,Sultana Miah,Habiganj,Kendua,District Legal Aid Office,Land,Child,2026-02-07,2026-02-09,2026-02-10,2026-02-17,LADCS-023,Jahid Khan,ONGOING,2026-04-21,2026-03-01;2026-02-27,2026-04-15,2026-05-08,COMPLETE,LOW,SRC-0248,DEMO-500-2026-09-09,,Hearing preparation required
NLAS-CHA-2026-0249,Achiya Islam,Chattogram,Kendua,District Judge Court,ADR,Child,2026-07-27,2026-08-08,2026-08-10,2026-08-22,LADCS-019,Farida Yasmin,ONGOING,2026-09-27,,2026-08-22,2026-11-24,MISSING_KEY_DOCUMENT,CRITICAL,SRC-0249,DEMO-500-2026-09-09,,Requires document verification
NLAS-JOY-2026-0250,Parvin Parvin,Joypurhat,Sadar,District & Sessions Judge Court,Land,Elderly,2026-07-01,2026-07-10,2026-07-22,2026-07-25,LADCS-019,Farida Yasmin,SUBMITTED,2026-10-03,2026-09-12,2026-08-19,2026-08-30,COMPLETE,LOW,SRC-0250,DEMO-500-2026-09-09,,Follow-up pending
NLAS-NET-2026-0251,Mst. Salma Sultana,Netrokona,Kalai,ADR Forum,Land,Woman,2026-03-25,2026-04-03,2026-04-14,2026-04-19,LADCS-018,Kazi Tanvir Ahmed,ONGOING,2026-06-30,2026-05-11;2026-05-29,2026-08-23,2026-07-23,MISSING_KEY_DOCUMENT,CRITICAL,SRC-0251,DEMO-500-2026-09-09,,
NLAS-CHA-2026-0252,Shamima Barman,Chattogram,Sadar,Legal Aid Office,ADR,Woman,2026-01-18,2026-01-22,2026-02-08,2026-02-11,LADCS-013,Rashed Karim,ONGOING,2026-02-18,,2026-06-03,2026-04-18,COMPLETE,CRITICAL,SRC-0252,DEMO-500-2026-09-09,,Requires document verification
NLAS-JOY-2026-0253,Momena Barman,Joypurhat,Madhabpur,District & Sessions Judge Court,Maintenance,Elderly,2026-06-15,2026-06-27,2026-07-10,2026-07-18,LADCS-010,Aminul Hossain,ONGOING,2026-09-29,,2026-07-18,2026-08-14,COMPLETE,CRITICAL,SRC-0253,DEMO-500-2026-09-09,,
NLAS-JOY-2026-0254,Jharna Khatun,Joypurhat,Kendua,ADR Forum,Maintenance,Woman,2026-03-27,2026-04-02,2026-04-17,2026-04-26,LADCS-003,Kazi Tanvir Ahmed,ONGOING,2026-07-10,2026-06-13,2026-05-06,2026-04-26,PARTIAL,MEDIUM,SRC-0254,DEMO-500-2026-09-09,,Hearing preparation required
NLAS-DHA-2026-0255,Rokeya Hossain,Dhaka,Sadar,Legal Aid Office,Land,Minority community,2026-03-16,2026-03-25,2026-04-06,2026-04-13,LADCS-001,Md. Abdur Rauf,RESOLVED,2026-07-12,2026-06-14,2026-06-08,2026-05-15,COMPLETE,HIGH,SRC-0255,DEMO-500-2026-09-09,,Hearing preparation required
NLAS-JOY-2026-0256,Nasrin Parvin,Joypurhat,Sadar,District Legal Aid Office,Land,Person with disability,2026-02-18,2026-02-27,2026-03-12,2026-03-18,LADCS-024,Nusrat Akter,ONGOING,2026-05-20,2026-03-22,2026-03-26,2026-04-19,MISSING_KEY_DOCUMENT,CRITICAL,SRC-0256,DEMO-500-2026-09-09,,Requires document verification
NLAS-RAJ-2026-0257,Nasrin Islam,Rajbari,Sadar,District Legal Aid Office,Criminal,None identified,2026-08-26,2026-09-09,2026-09-11,2026-09-18,LADCS-015,Imran Das,ONGOING,2026-11-09,,2026-09-06,2026-12-24,MISSING_KEY_DOCUMENT,LOW,SRC-0257,DEMO-500-2026-09-09,,
NLAS-DHA-2026-0258,Parvin Chakma,Dhaka,Sadar,District Judge Court,Woman/Child,Minority community,2026-05-20,2026-05-30,2026-06-01,2026-06-09,LADCS-017,Mst. Rokeya Sultana,AWAITING_RESOLUTION,2026-06-18,,2026-06-18,2026-07-19,PARTIAL,LOW,SRC-0258,DEMO-500-2026-09-09,,Follow-up pending
NLAS-DHA-2026-0259,Rubel Rahman,Dhaka,Kalai,Chief Metropolitan Magistrate Court,Domestic Violence,Elderly,2026-06-02,2026-06-15,2026-06-22,2026-06-26,LADCS-022,Sadia Islam,ONGOING,2026-07-04,2026-05-25,2026-07-02,2026-09-30,MISSING_KEY_DOCUMENT,LOW,SRC-0259,DEMO-500-2026-09-09,,Hearing preparation required
NLAS-JOY-2026-0260,Farida Barman,Joypurhat,Rupganj,District & Sessions Judge Court,Woman/Child,Woman,2026-08-19,2026-08-31,2026-09-15,2026-09-21,LADCS-002,Mst. Rokeya Sultana,ONGOING,2026-08-13,2026-07-16,2026-08-27,2026-09-18,PARTIAL,LOW,SRC-0260,DEMO-500-2026-09-09,CHRONOLOGY_CONFLICT,Follow-up pending
NLAS-CHA-2026-0261,Momena Banu,Chattogram,Madhabpur,Chief Judicial Magistrate Court,ADR,Low income,2026-01-21,2026-01-29,2026-02-10,2026-02-11,LADCS-014,Shamima Miah,ONGOING,2026-03-30,2026-02-01;2026-03-05,2026-02-28,2026-03-07,MISSING_KEY_DOCUMENT,MEDIUM,SRC-0261,DEMO-500-2026-09-09,,
NLAS-JOY-2026-0262,Shamima Yasmin,Joypurhat,Sadar,District & Sessions Judge Court,Maintenance,Person with disability,2026-08-27,2026-09-09,2026-09-15,2026-09-21,LADCS-012,Mariam Begum,ONGOING,2026-12-03,2026-10-12;2026-10-30,2026-08-27,2026-09-26,PARTIAL,CRITICAL,SRC-0262,DEMO-500-2026-09-09,,
NLAS-JOY-2026-0263,Nasrin Ahmed,Joypurhat,Madhabpur,District & Sessions Judge Court,Land,Low income,2026-05-01,2026-05-12,2026-05-21,2026-05-24,LADCS-017,Mst. Rokeya Sultana,RESOLVED,2026-08-05,2026-07-11,2026-08-28,2026-06-15,PARTIAL,LOW,SRC-0263,DEMO-500-2026-09-09,,
NLAS-KHU-2026-0264,Mst. Salma Barman,Khulna,Sadar,Legal Aid Office,Land,None identified,2026-02-26,2026-03-07,2026-03-21,2026-03-30,LADCS-002,Mst. Rokeya Sultana,UNDER_REVIEW,2026-04-24,2026-03-23;2026-03-29,2026-05-06,2026-04-27,COMPLETE,MEDIUM,SRC-0264,DEMO-500-2026-09-09,,Follow-up pending
NLAS-DHA-2026-0265,Jharna Ahmed,Dhaka,Kalai,Chief Metropolitan Magistrate Court,Civil,None identified,2026-04-12,2026-04-24,2026-05-10,2026-05-11,LADCS-011,Shahidul Chowdhury,ONGOING,2026-07-22,,2026-08-03,2026-06-11,PARTIAL,CRITICAL,SRC-0265,DEMO-500-2026-09-09,,Hearing preparation required
NLAS-CUM-2026-0266,Nasrin Yasmin,Cumilla,Sadar,District Judge Court,Domestic Violence,Woman,2025-12-07,2025-12-08,2025-12-16,2025-12-28,LADCS-020,Rehana Parvin,CLOSED,2026-01-26,2025-12-23;2026-01-06,2026-07-29,2026-02-05,COMPLETE,CRITICAL,SRC-0266,DEMO-500-2026-09-09,,Follow-up pending
NLAS-CUM-2026-0267,Achiya Ahmed,Cumilla,Kendua,Senior Judicial Magistrate Court,Criminal,Minority community,2026-04-13,2026-04-20,2026-04-24,2026-05-01,LADCS-029,Shamima Miah,ONGOING,2026-05-23,,2026-08-14,2026-08-11,PARTIAL,CRITICAL,SRC-0267,DEMO-500-2026-09-09,,Follow-up pending
NLAS-DHA-2026-0268,Farida Howladar,Dhaka,Rupganj,Legal Aid Office,Domestic Violence,Person with disability,2025-12-07,2025-12-12,2025-12-23,2026-01-01,LADCS-028,Rashed Karim,ONGOING,2026-03-01,2026-01-13;2026-01-29,2026-06-16,2026-02-05,PARTIAL,MEDIUM,SRC-0268,DEMO-500-2026-09-09,,
NLAS-KHU-2026-0269,Rubel Yasmin,Khulna,Sadar,District Judge Court,Civil,Minority community,2026-04-05,2026-04-17,2026-04-29,2026-05-09,LADCS-004,Farida Yasmin,ONGOING,2026-06-01,2026-04-26,2026-08-17,2026-08-03,MISSING_KEY_DOCUMENT,CRITICAL,SRC-0269,DEMO-500-2026-09-09,,Follow-up pending
NLAS-KHU-2026-0270,Parvin Islam,Khulna,Madhabpur,Legal Aid Office,Civil,,2026-01-14,2026-01-16,2026-01-27,2026-01-31,LADCS-007,Sadia Islam,ONGOING,2026-02-26,2026-02-07,2026-03-24,2026-02-13,MISSING_KEY_DOCUMENT,MEDIUM,SRC-0270,DEMO-500-2026-09-09,,Requires document verification
NLAS-DHA-2026-0271,Taslima Marma,Dhaka,Kalai,District Judge Court,Criminal,Elderly,2026-05-02,2026-05-12,2026-05-22,2026-06-02,LADCS-011,Shahidul Chowdhury,ONGOING,2026-08-09,2026-06-13;2026-06-22,2026-06-25,2026-06-01,PARTIAL,HIGH,SRC-0271,DEMO-500-2026-09-09,,
NLAS-DHA-2026-0272,Mst. Salma Parvin,Dhaka,Sadar,District Judge Court,Domestic Violence,Elderly,2025-12-30,2026-01-10,2026-01-22,2026-02-02,LADCS-030,Imran Das,ONGOING,2026-03-08,,2026-01-02,2026-02-28,PARTIAL,HIGH,SRC-0272,DEMO-500-2026-09-09,,Requires document verification
NLAS-CHA-2026-0273,Jharna Sultana,Chattogram,Rupganj,District Judge Court,Civil,Low income,2026-07-03,2026-07-04,2026-07-18,2026-07-19,LADCS-018,Kazi Tanvir Ahmed,ONGOING,2026-10-02,2026-09-13;2026-09-11,2026-07-17,2026-08-17,PARTIAL,HIGH,SRC-0273,DEMO-500-2026-09-09,,Follow-up pending
NLAS-KHU-2026-0274,Kamal Begum,Khulna,Kalai,Legal Aid Office,Woman/Child,Minority community,2026-09-08,2026-09-21,2026-10-05,2026-10-07,LADCS-009,Nusrat Akter,ONGOING,2026-11-23,2026-11-06;2026-10-28,2026-09-09,2026-10-08,PARTIAL,LOW,SRC-0274,DEMO-500-2026-09-09,,
NLAS-KHU-2026-0275,Mahbub Das,Khulna,Kendua,Chief Judicial Magistrate Court,Land,Person with disability,2026-08-10,2026-08-22,2026-08-23,2026-09-02,LADCS-019,Farida Yasmin,ONGOING,2026-11-11,2026-10-21;2026-09-13,2026-08-22,2026-09-09,COMPLETE,HIGH,SRC-0275,DEMO-500-2026-09-09,,Requires document verification
NLAS-NET-2026-0276,Nargis Begum,Netrokona,Rupganj,ADR Forum,Woman/Child,Minority community,2026-06-27,2026-07-08,2026-07-21,2026-08-01,LADCS-002,Mst. Rokeya Sultana,ONGOING,2026-10-19,,2026-08-29,2026-07-27,PARTIAL,HIGH,SRC-0276,DEMO-500-2026-09-09,,Requires document verification
NLAS-CHA-2026-0277,Shamima Yasmin,Chattogram,Rupganj,Chief Judicial Magistrate Court,Land,Person with disability,2025-12-16,2025-12-20,2025-12-22,2025-12-27,LADCS-012,Mariam Begum,ONGOING,2026-01-19,,2026-05-18,2026-03-16,MISSING_KEY_DOCUMENT,HIGH,SRC-0277,DEMO-500-2026-09-09,,Follow-up pending
NLAS-NET-2026-0278,Achiya Das,Netrokona,Kendua,District & Sessions Judge Court,Criminal,Woman,2026-09-07,2026-09-21,2026-10-07,2026-10-09,LADCS-010,Aminul Hossain,ONGOING,2026-11-02,2026-10-18;2026-10-06,2026-09-07,2026-10-07,MISSING_KEY_DOCUMENT,MEDIUM,SRC-0278,DEMO-500-2026-09-09,,
NLAS-RAJ-2026-0279,Parvin Khatun,Rajbari,Sadar,Assistant Judge Court,Civil,None identified,2026-05-01,2026-05-07,2026-05-15,2026-05-24,LADCS-009,Nusrat Akter,AWAITING_RESOLUTION,2026-06-11,,2026-07-15,2026-06-30,COMPLETE,LOW,SRC-0279,DEMO-500-2026-09-09,,Hearing preparation required
NLAS-JOY-2026-0280,Md. Arif Marma,Joypurhat,Sadar,District Legal Aid Office,Domestic Violence,Elderly,2025-12-05,2025-12-06,2025-12-08,2025-12-20,LADCS-016,Md. Abdur Rauf,ONGOING,2026-01-23,2025-12-05;2026-01-04,2026-01-27,2026-01-04,MISSING_KEY_DOCUMENT,MEDIUM,SRC-0280,DEMO-500-2026-09-09,,
NLAS-NET-2026-0281,Saiful Miah,Netrokona,Kendua,District & Sessions Judge Court,Maintenance,Child,2026-05-21,2026-06-02,2026-06-15,2026-06-27,LADCS-009,Nusrat Akter,AWAITING_RESOLUTION,2026-09-11,2026-08-14;2026-07-29,2026-08-13,2026-07-20,PARTIAL,MEDIUM,SRC-0281,DEMO-500-2026-09-09,,Requires document verification
NLAS-JOY-2026-0282,Sultana Begum,Joypurhat,Kalai,ADR Forum,ADR,Person with disability,2026-02-25,2026-03-01,2026-03-11,2026-03-23,LADCS-006,Mahbubur Rahman,ONGOING,2026-05-13,2026-04-16,2026-06-21,2026-04-11,MISSING_KEY_DOCUMENT,LOW,SRC-0282,DEMO-500-2026-09-09,,Requires document verification
NLAS-CHA-2026-0283,Shiuli Islam,Chattogram,Kendua,District Judge Court,ADR,Child,2026-08-02,2026-08-04,2026-08-17,2026-08-27,LADCS-011,Shahidul Chowdhury,ONGOING,2026-10-21,,2026-09-04,2026-10-31,COMPLETE,MEDIUM,SRC-0283,DEMO-500-2026-09-09,,Hearing preparation required
NLAS-CUM-2026-0284,Mst. Salma Banu,Cumilla,Sadar,Senior Judicial Magistrate Court,Family,Woman,2026-02-23,2026-03-02,2026-03-03,2026-03-14,LADCS-010,Aminul Hossain,ONGOING,2026-03-25,,2026-06-14,2026-03-25,PARTIAL,MEDIUM,SRC-0284,DEMO-500-2026-09-09,,Follow-up pending
NLAS-CUM-2026-0285,Abdul Das,Cumilla,Rupganj,District Judge Court,Woman/Child,Woman,2026-05-09,2026-05-13,2026-05-21,2026-05-26,LADCS-016,Md. Abdur Rauf,ONGOING,2026-06-18,2026-05-14,2026-05-25,2026-07-08,COMPLETE,LOW,SRC-0285,DEMO-500-2026-09-09,,
NLAS-DHA-2026-0286,Nasrin Akter,Dhaka,Kalai,Legal Aid Office,Family,Elderly,2026-08-17,2026-08-28,2026-09-12,2026-09-14,LADCS-007,Sadia Islam,ONGOING,2026-11-19,,2026-08-27,2026-11-15,MISSING_KEY_DOCUMENT,MEDIUM,SRC-0286,DEMO-500-2026-09-09,,
NLAS-CUM-2026-0287,Mahbub Parvin,Cumilla,Sadar,Senior Judicial Magistrate Court,Land,Person with disability,2025-12-02,2025-12-08,2025-12-23,2026-01-01,LADCS-013,Rashed Karim,ONGOING,2026-01-12,,2026-05-19,2026-01-01,COMPLETE,HIGH,SRC-0287,DEMO-500-2026-09-09,,
NLAS-NET-2026-0288,Parvin Sultana,Netrokona,Sadar,ADR Forum,Criminal,Person with disability,2026-04-23,2026-04-30,2026-05-06,2026-05-17,LADCS-017,Mst. Rokeya Sultana,UNDER_REVIEW,2026-08-08,2026-07-05;2026-06-27,2026-07-16,2026-04-07,COMPLETE,HIGH,SRC-0288,DEMO-500-2026-09-09,,
NLAS-CUM-2026-0289,Md. Arif Khatun,Cumilla,Kalai,Legal Aid Office,Civil,,2025-12-08,2025-12-18,2025-12-23,2025-12-29,LADCS-001,Md. Abdur Rauf,ONGOING,2026-03-04,2026-02-08,2026-03-18,2026-03-08,MISSING_KEY_DOCUMENT,HIGH,SRC-0289,DEMO-500-2026-09-09,,Hearing preparation required
NLAS-DHA-2026-0290,Achiya Marma,Dhaka,Rupganj,District Judge Court,Woman/Child,,2026-01-22,2026-02-04,2026-02-10,2026-02-14,LADCS-002,Mst. Rokeya Sultana,SUBMITTED,2026-03-25,2026-02-02,2026-08-10,2026-03-23,MISSING_KEY_DOCUMENT,LOW,SRC-0290,DEMO-500-2026-09-09,,
NLAS-CUM-2026-0291,Nasrin Barman,Cumilla,Sadar,Senior Judicial Magistrate Court,ADR,None identified,2026-01-16,2026-01-28,2026-02-15,2026-02-20,LADCS-013,Rashed Karim,ONGOING,2026-04-02,,2026-07-26,2026-03-02,MISSING_KEY_DOCUMENT,HIGH,SRC-0291,DEMO-500-2026-09-09,,Follow-up pending
NLAS-KHU-2026-0292,Nargis Majumder,Khulna,Kendua,Legal Aid Office,Maintenance,Elderly,2026-09-08,2026-09-14,2026-09-25,2026-09-27,LADCS-021,Mahbubur Rahman,ONGOING,2026-12-21,,2026-09-09,2026-10-08,COMPLETE,LOW,SRC-0292,DEMO-500-2026-09-09,,Requires document verification
NLAS-NET-2026-0293,Mahbub Yasmin,Netrokona,Sadar,District Legal Aid Office,Domestic Violence,Woman,2026-02-23,2026-02-25,2026-03-09,2026-03-12,LADCS-015,Imran Das,UNDER_REVIEW,2026-05-22,2026-04-13;2026-04-15,2026-07-08,2026-03-25,COMPLETE,LOW,SRC-0293,DEMO-500-2026-09-09,,Hearing preparation required
NLAS-RAJ-2026-0294,Rubel Parvin,Rajbari,Kendua,Senior Assistant Judge Court,Woman/Child,Low income,2026-07-01,2026-07-15,2026-08-01,2026-08-03,LADCS-003,Kazi Tanvir Ahmed,RESOLVED,2026-09-23,,2026-08-20,2026-08-15,MISSING_KEY_DOCUMENT,LOW,SRC-0294,DEMO-500-2026-09-09,,
NLAS-HAB-2026-0295,Farida Yasmin,Habiganj,Rupganj,District Legal Aid Office,Land,Elderly,2026-06-30,2026-07-10,2026-07-28,2026-07-30,LADCS-029,Shamima Miah,REGISTERED,2026-09-21,,2026-08-08,2026-07-30,PARTIAL,HIGH,SRC-0295,DEMO-500-2026-09-09,,Requires document verification
NLAS-HAB-2026-0296,Mahbub Yasmin,Habiganj,Rupganj,Magistrate Court,Family,Low income,2026-06-30,2026-07-12,2026-07-24,2026-07-29,LADCS-019,Farida Yasmin,UNDER_REVIEW,2026-09-26,,2026-08-05,2026-08-29,COMPLETE,HIGH,SRC-0296,DEMO-500-2026-09-09,,Hearing preparation required
NLAS-KHU-2026-0297,Saiful Barman,Khulna,Sadar,Legal Aid Office,Maintenance,Minority community,2026-02-23,2026-03-03,2026-03-06,2026-03-13,LADCS-017,Mst. Rokeya Sultana,ONGOING,2026-02-14,,2026-07-01,2026-05-24,COMPLETE,LOW,SRC-0297,DEMO-500-2026-09-09,CHRONOLOGY_CONFLICT,Hearing preparation required
NLAS-RAJ-2026-0298,Farida Hossain,Rajbari,Kalai,Senior Assistant Judge Court,Domestic Violence,Person with disability,2026-07-04,2026-07-10,2026-07-20,2026-07-28,LADCS-017,Mst. Rokeya Sultana,ONGOING,2026-08-17,2026-07-17;2026-06-23,2026-08-22,2026-09-02,PARTIAL,LOW,SRC-0298,DEMO-500-2026-09-09,,Requires document verification
NLAS-RAJ-2026-0299,Nasrin Das,Rajbari,Rupganj,Assistant Judge Court,Land,Person with disability,2026-04-11,2026-04-25,2026-05-11,2026-05-23,LADCS-019,Farida Yasmin,AWAITING_RESOLUTION,2026-07-01,2026-05-30;2026-05-11,2026-09-01,2026-08-09,PARTIAL,LOW,SRC-0299,DEMO-500-2026-09-09,,Requires document verification
NLAS-CHA-2026-0300,Mahbub Banu,Chattogram,Sadar,Legal Aid Office,Woman/Child,Child,2026-01-23,2026-01-29,2026-02-01,2026-02-12,LADCS-015,Imran Das,ONGOING,2026-02-19,,2026-02-26,2026-05-23,PARTIAL,CRITICAL,SRC-0300,DEMO-500-2026-09-09,,Requires document verification
NLAS-CHA-2026-0301,Momena Rahman,Chattogram,Kendua,Legal Aid Office,Family,Low income,2026-01-12,2026-01-13,2026-01-26,2026-01-29,LADCS-023,Jahid Khan,ONGOING,2026-03-06,2026-01-15,2026-01-21,2026-03-13,MISSING_KEY_DOCUMENT,HIGH,SRC-0301,DEMO-500-2026-09-09,,Hearing preparation required
NLAS-HAB-2026-0302,Shamima Ahmed,Habiganj,Madhabpur,Chief Judicial Magistrate Court,Domestic Violence,None identified,2026-05-11,2026-05-15,2026-05-18,2026-05-23,LADCS-006,Mahbubur Rahman,RESOLVED,2026-05-31,2026-04-21,2026-06-23,2026-07-10,COMPLETE,MEDIUM,SRC-0302,DEMO-500-2026-09-09,,Requires document verification
NLAS-KHU-2026-0303,Rubel Chakma,Khulna,Rupganj,Chief Judicial Magistrate Court,Domestic Violence,Low income,2026-06-20,2026-06-29,2026-07-05,2026-07-16,LADCS-022,Sadia Islam,ONGOING,2026-10-01,2026-08-27;2026-08-10,2026-07-27,2026-08-04,MISSING_KEY_DOCUMENT,MEDIUM,SRC-0303,DEMO-500-2026-09-09,,Requires document verification
NLAS-NET-2026-0304,Momena Barman,Netrokona,Madhabpur,District Legal Aid Office,Family,Minority community,2026-08-23,2026-08-30,2026-09-02,2026-09-12,LADCS-017,Mst. Rokeya Sultana,SUBMITTED,2026-10-05,2026-08-17;2026-08-31,2026-08-26,2026-10-22,COMPLETE,CRITICAL,SRC-0304,DEMO-500-2026-09-09,,
NLAS-NET-2026-0305,Jharna Howladar,Netrokona,Kalai,District & Sessions Judge Court,Domestic Violence,,2026-06-09,2026-06-10,2026-06-15,2026-06-25,LADCS-017,Mst. Rokeya Sultana,ONGOING,2026-07-31,,2026-06-11,2026-07-24,MISSING_KEY_DOCUMENT,CRITICAL,SRC-0305,DEMO-500-2026-09-09,,Hearing preparation required
NLAS-CHA-2026-0306,Sultana Begum,Chattogram,Madhabpur,District Judge Court,Maintenance,Elderly,2026-08-18,2026-08-22,2026-09-01,2026-09-04,LADCS-029,Shamima Miah,AWAITING_RESOLUTION,2026-09-14,,2026-09-06,2026-10-02,MISSING_KEY_DOCUMENT,MEDIUM,SRC-0306,DEMO-500-2026-09-09,,Hearing preparation required
NLAS-DHA-2026-0307,Jharna Akter,Dhaka,Madhabpur,Chief Metropolitan Magistrate Court,Maintenance,Minority community,2026-04-08,2026-04-10,2026-04-16,2026-04-27,LADCS-004,Farida Yasmin,ONGOING,2026-06-24,2026-05-04;2026-06-05,2026-06-06,2026-07-07,MISSING_KEY_DOCUMENT,MEDIUM,SRC-0307,DEMO-500-2026-09-09,,Requires document verification
NLAS-CHA-2026-0308,Saiful Majumder,Chattogram,Sadar,Chief Judicial Magistrate Court,Maintenance,Minority community,2025-12-26,2026-01-01,2026-01-14,2026-01-19,LADCS-016,Md. Abdur Rauf,REGISTERED,2026-02-05,,2026-06-08,2026-02-24,PARTIAL,MEDIUM,SRC-0308,DEMO-500-2026-09-09,,Hearing preparation required
NLAS-NET-2026-0309,Nasrin Begum,Netrokona,Kendua,District Legal Aid Office,Land,Person with disability,2026-02-21,2026-03-05,2026-03-15,2026-03-23,LADCS-018,Kazi Tanvir Ahmed,ONGOING,2026-05-15,2026-03-20;2026-04-10,2026-04-19,2026-05-22,PARTIAL,HIGH,SRC-0309,DEMO-500-2026-09-09,,Requires document verification
NLAS-KHU-2026-0310,Jharna Begum,Khulna,Sadar,District Judge Court,Criminal,Elderly,2026-07-13,2026-07-16,2026-07-27,2026-08-08,LADCS-002,Mst. Rokeya Sultana,RESOLVED,2026-11-03,2026-09-10,2026-09-01,2026-10-11,PARTIAL,LOW,SRC-0310,DEMO-500-2026-09-09,,
NLAS-KHU-2026-0311,Jharna Howladar,Khulna,Sadar,District Judge Court,Land,Minority community,2026-04-27,2026-05-03,2026-05-19,2026-05-31,LADCS-001,Md. Abdur Rauf,ONGOING,2026-07-11,2026-06-26,2026-05-16,2026-06-11,COMPLETE,LOW,SRC-0311,DEMO-500-2026-09-09,,Follow-up pending
NLAS-HAB-2026-0312,Momena Chakma,Habiganj,Sadar,District Legal Aid Office,ADR,,2026-05-14,2026-05-25,2026-05-28,2026-06-07,LADCS-004,Farida Yasmin,AWAITING_RESOLUTION,2026-08-10,,2026-08-24,2026-06-13,COMPLETE,CRITICAL,SRC-0312,DEMO-500-2026-09-09,,Follow-up pending
NLAS-HAB-2026-0313,Achiya Das,Habiganj,Sadar,District Legal Aid Office,Woman/Child,Person with disability,2026-07-25,2026-07-30,2026-08-09,2026-08-10,LADCS-030,Imran Das,ONGOING,2026-09-08,2026-08-16,2026-08-05,2026-10-23,COMPLETE,CRITICAL,SRC-0313,DEMO-500-2026-09-09,,Follow-up pending
NLAS-DHA-2026-0314,Taslima Chakma,Dhaka,Rupganj,Chief Metropolitan Magistrate Court,Criminal,Elderly,2025-12-31,2026-01-14,2026-01-30,2026-02-08,LADCS-025,Aminul Hossain,ONGOING,2026-02-27,,2026-04-05,2026-03-31,MISSING_KEY_DOCUMENT,MEDIUM,SRC-0314,DEMO-500-2026-09-09,,Hearing preparation required
NLAS-RAJ-2026-0315,Shiuli Islam,Rajbari,Kendua,District Legal Aid Office,Criminal,Person with disability,2026-06-09,2026-06-16,2026-06-25,2026-07-03,LADCS-029,Shamima Miah,RESOLVED,2026-09-18,2026-07-30;2026-08-10,2026-06-26,2026-10-07,MISSING_KEY_DOCUMENT,HIGH,SRC-0315,DEMO-500-2026-09-09,,Follow-up pending
NLAS-KHU-2026-0316,Kamal Rahman,Khulna,Rupganj,District Judge Court,Land,Low income,2026-09-05,2026-09-16,2026-09-30,2026-10-04,LADCS-029,Shamima Miah,ONGOING,2026-12-03,,2026-09-07,2026-10-05,MISSING_KEY_DOCUMENT,MEDIUM,SRC-0316,DEMO-500-2026-09-09,,
NLAS-CHA-2026-0317,Md. Arif Begum,Chattogram,Madhabpur,Chief Judicial Magistrate Court,Criminal,Low income,2026-04-16,2026-04-28,2026-05-05,2026-05-09,LADCS-007,Sadia Islam,ONGOING,2026-07-31,,2026-06-07,2026-06-15,MISSING_KEY_DOCUMENT,MEDIUM,SRC-0317,DEMO-500-2026-09-09,,Hearing preparation required
NLAS-NET-2026-0318,Sultana Marma,Netrokona,Kalai,District Legal Aid Office,Civil,Elderly,2026-06-24,2026-07-03,2026-07-19,2026-07-29,LADCS-002,Mst. Rokeya Sultana,ONGOING,2026-08-05,2026-07-22;2026-06-10,2026-06-28,2026-07-24,PARTIAL,HIGH,SRC-0318,DEMO-500-2026-09-09,,Follow-up pending
NLAS-HAB-2026-0319,Momena Sultana,Habiganj,Sadar,Magistrate Court,ADR,Elderly,2026-02-26,2026-03-10,2026-03-19,2026-03-23,LADCS-002,Mst. Rokeya Sultana,ONGOING,2026-04-01,2026-02-25;2026-02-10,2026-08-25,2026-04-27,MISSING_KEY_DOCUMENT,MEDIUM,SRC-0319,DEMO-500-2026-09-09,,Follow-up pending
NLAS-NET-2026-0320,Mahbub Banu,Netrokona,Rupganj,District Legal Aid Office,ADR,Child,2026-02-04,2026-02-13,2026-02-24,2026-03-08,LADCS-016,Md. Abdur Rauf,ONGOING,2026-03-20,,2026-07-11,2026-03-21,MISSING_KEY_DOCUMENT,CRITICAL,SRC-0320,DEMO-500-2026-09-09,,
NLAS-CHA-2026-0321,Shamima Ahmed,Chattogram,Sadar,Chief Judicial Magistrate Court,Land,None identified,2025-12-25,2025-12-30,2026-01-11,2026-01-13,LADCS-012,Mariam Begum,ONGOING,2026-02-19,2026-02-04,2026-01-28,2026-02-23,COMPLETE,LOW,SRC-0321,DEMO-500-2026-09-09,,Requires document verification
NLAS-RAJ-2026-0322,Nasrin Akter,Rajbari,Kendua,Senior Assistant Judge Court,Domestic Violence,Woman,2026-07-09,2026-07-15,2026-07-19,2026-07-23,LADCS-001,Md. Abdur Rauf,RESOLVED,2026-09-17,2026-08-25;2026-08-17,2026-08-03,2026-11-06,PARTIAL,MEDIUM,SRC-0322,DEMO-500-2026-09-09,,Follow-up pending
NLAS-HAB-2026-0323,Parvin Yasmin,Habiganj,Sadar,Chief Judicial Magistrate Court,Woman/Child,Elderly,2026-03-17,2026-03-25,2026-04-04,2026-04-05,LADCS-012,Mariam Begum,ONGOING,2026-04-27,2026-02-27,2026-06-24,2026-05-16,COMPLETE,CRITICAL,SRC-0323,DEMO-500-2026-09-09,,Requires document verification
NLAS-CHA-2026-0324,Rahima Islam,Chattogram,Rupganj,Chief Judicial Magistrate Court,Domestic Violence,Person with disability,2026-05-30,2026-05-31,2026-06-16,2026-06-18,LADCS-020,Rehana Parvin,ONGOING,2026-08-17,2026-06-27;2026-06-18,2026-07-29,2026-07-14,PARTIAL,LOW,SRC-0324,DEMO-500-2026-09-09,,Requires document verification
NLAS-RAJ-2026-0325,Taslima Akter,Rajbari,Kendua,District Legal Aid Office,Woman/Child,None identified,2026-04-20,2026-04-22,2026-04-28,2026-05-06,LADCS-021,Mahbubur Rahman,UNDER_REVIEW,2026-06-02,2026-04-29;2026-05-14,2026-06-03,2026-06-19,COMPLETE,CRITICAL,SRC-0325,DEMO-500-2026-09-09,,Follow-up pending
NLAS-CHA-2026-0326,Kamal Begum,Chattogram,Kendua,Chief Judicial Magistrate Court,Woman/Child,,2026-07-16,2026-07-21,2026-07-22,2026-07-27,LADCS-030,Imran Das,UNDER_REVIEW,2026-09-06,,2026-08-06,2026-10-14,MISSING_KEY_DOCUMENT,CRITICAL,SRC-0326,DEMO-500-2026-09-09,,
NLAS-CHA-2026-0327,Taslima Miah,Chattogram,Kalai,Legal Aid Office,Maintenance,Child,2026-06-16,2026-06-17,2026-06-20,2026-06-24,LADCS-016,Md. Abdur Rauf,CLOSED,2026-09-19,2026-08-28,2026-07-28,2026-10-14,PARTIAL,LOW,SRC-0327,DEMO-500-2026-09-09,,Follow-up pending
NLAS-NET-2026-0328,Rokeya Khatun,Netrokona,Rupganj,District & Sessions Judge Court,Woman/Child,,2025-12-10,2025-12-22,2025-12-24,2025-12-28,LADCS-004,Farida Yasmin,ONGOING,2026-01-12,,2026-02-16,2026-04-09,COMPLETE,LOW,SRC-0328,DEMO-500-2026-09-09,,Follow-up pending
NLAS-KHU-2026-0329,Saiful Das,Khulna,Rupganj,District Judge Court,Maintenance,Person with disability,2026-06-11,2026-06-20,2026-06-22,2026-06-26,LADCS-016,Md. Abdur Rauf,ONGOING,2026-08-14,2026-06-16,2026-07-03,2026-06-10,PARTIAL,HIGH,SRC-0329,DEMO-500-2026-09-09,,Requires document verification
NLAS-KHU-2026-0330,Saiful Chakma,Khulna,Kendua,District Judge Court,ADR,,2026-06-29,2026-07-01,2026-07-06,2026-07-17,LADCS-020,Rehana Parvin,ONGOING,2026-09-14,2026-08-26;2026-07-26,2026-08-31,2026-10-27,COMPLETE,MEDIUM,SRC-0330,DEMO-500-2026-09-09,,Hearing preparation required
NLAS-NET-2026-0331,Abdul Chakma,Netrokona,Sadar,ADR Forum,Civil,None identified,2026-07-07,2026-07-13,2026-07-30,2026-07-31,LADCS-027,Mariam Begum,AWAITING_RESOLUTION,2026-08-21,2026-07-27;2026-06-29,2026-08-28,2026-08-21,PARTIAL,MEDIUM,SRC-0331,DEMO-500-2026-09-09,,Follow-up pending
NLAS-CHA-2026-0332,Shiuli Ahmed,Chattogram,Kendua,Legal Aid Office,Civil,Person with disability,2026-09-01,2026-09-11,2026-09-29,2026-10-10,LADCS-020,Rehana Parvin,AWAITING_RESOLUTION,2026-12-03,,2026-09-03,2026-11-30,MISSING_KEY_DOCUMENT,CRITICAL,SRC-0332,DEMO-500-2026-09-09,,
NLAS-KHU-2026-0333,Achiya Howladar,Khulna,Kalai,District Judge Court,Criminal,Child,2026-03-02,2026-03-16,2026-03-19,2026-03-31,LADCS-005,Rehana Parvin,REGISTERED,2026-05-21,,2026-09-06,2026-05-01,PARTIAL,MEDIUM,SRC-0333,DEMO-500-2026-09-09,,
NLAS-JOY-2026-0334,Saiful Hossain,Joypurhat,Madhabpur,ADR Forum,ADR,Elderly,2026-06-11,2026-06-20,2026-06-28,2026-07-09,LADCS-006,Mahbubur Rahman,AWAITING_RESOLUTION,2026-06-08,2026-05-11,2026-06-25,2026-07-11,PARTIAL,LOW,SRC-0334,DEMO-500-2026-09-09,CHRONOLOGY_CONFLICT,Follow-up pending
NLAS-CHA-2026-0335,Nargis Sultana,Chattogram,Sadar,Legal Aid Office,Woman/Child,Woman,2026-02-11,2026-02-23,2026-03-13,2026-03-20,LADCS-022,Sadia Islam,ONGOING,2026-05-23,2026-04-05,2026-08-11,2026-06-11,MISSING_KEY_DOCUMENT,LOW,SRC-0335,DEMO-500-2026-09-09,,Requires document verification
NLAS-HAB-2026-0336,Md. Arif Islam,Habiganj,Sadar,Magistrate Court,Family,Person with disability,2026-07-21,2026-07-22,2026-08-06,2026-08-08,LADCS-001,Md. Abdur Rauf,ONGOING,2026-10-10,,2026-08-26,2026-08-20,MISSING_KEY_DOCUMENT,LOW,SRC-0336,DEMO-500-2026-09-09,,
NLAS-KHU-2026-0337,Farida Howladar,Khulna,Kendua,District Judge Court,Family,Woman,2026-03-31,2026-04-05,2026-04-19,2026-04-20,LADCS-008,Jahid Khan,ONGOING,2026-06-18,2026-05-16;2026-05-16,2026-05-01,2026-05-15,COMPLETE,HIGH,SRC-0337,DEMO-500-2026-09-09,,
NLAS-KHU-2026-0338,Shamima Marma,Khulna,Rupganj,District Judge Court,Family,Child,2026-08-30,2026-09-09,2026-09-14,2026-09-17,LADCS-025,Aminul Hossain,RESOLVED,2026-09-25,2026-08-02,2026-09-02,2026-10-14,MISSING_KEY_DOCUMENT,HIGH,SRC-0338,DEMO-500-2026-09-09,,
NLAS-NET-2026-0339,Parvin Rahman,Netrokona,Madhabpur,District Legal Aid Office,Maintenance,Woman,2026-07-13,2026-07-21,2026-07-23,2026-07-31,LADCS-007,Sadia Islam,SUBMITTED,2026-09-09,2026-08-24;2026-08-08,2026-07-26,2026-09-11,MISSING_KEY_DOCUMENT,MEDIUM,SRC-0339,DEMO-500-2026-09-09,,
NLAS-JOY-2026-0340,Nargis Marma,Joypurhat,Madhabpur,ADR Forum,Maintenance,Woman,2026-02-14,2026-02-24,2026-03-02,2026-03-10,LADCS-012,Mariam Begum,AWAITING_RESOLUTION,2026-06-03,2026-04-13;2026-05-18,2026-03-30,2026-05-15,MISSING_KEY_DOCUMENT,MEDIUM,SRC-0340,DEMO-500-2026-09-09,,
NLAS-JOY-2026-0341,Saiful Begum,Joypurhat,Madhabpur,ADR Forum,Family,,2025-12-14,2025-12-17,2025-12-29,2026-01-07,LADCS-018,Kazi Tanvir Ahmed,UNDER_REVIEW,2026-03-06,2026-02-03,2026-06-29,2026-03-14,MISSING_KEY_DOCUMENT,HIGH,SRC-0341,DEMO-500-2026-09-09,,Follow-up pending
NLAS-NET-2026-0342,Farida Khatun,Netrokona,Kalai,ADR Forum,Maintenance,Woman,2026-01-20,2026-01-31,2026-02-06,2026-02-18,LADCS-017,Mst. Rokeya Sultana,AWAITING_RESOLUTION,2026-03-12,,2026-04-09,2026-03-21,PARTIAL,HIGH,SRC-0342,DEMO-500-2026-09-09,,Hearing preparation required
NLAS-NET-2026-0343,Rahima Marma,Netrokona,Madhabpur,ADR Forum,ADR,Person with disability,2026-08-17,2026-08-20,2026-08-21,2026-08-27,LADCS-024,Nusrat Akter,ONGOING,2026-10-15,2026-09-12;2026-09-16,2026-08-18,2026-11-15,PARTIAL,CRITICAL,SRC-0343,DEMO-500-2026-09-09,,Hearing preparation required
NLAS-KHU-2026-0344,Shamima Majumder,Khulna,Sadar,Chief Judicial Magistrate Court,Civil,Minority community,2026-03-30,2026-04-07,2026-04-24,2026-05-05,LADCS-016,Md. Abdur Rauf,ONGOING,2026-07-09,,2026-07-28,2026-04-29,MISSING_KEY_DOCUMENT,HIGH,SRC-0344,DEMO-500-2026-09-09,,Requires document verification
NLAS-CUM-2026-0345,Saiful Barman,Cumilla,Madhabpur,District Judge Court,Civil,,2025-12-18,2025-12-20,2026-01-03,2026-01-12,LADCS-004,Farida Yasmin,AWAITING_RESOLUTION,2026-04-02,2026-03-11;2026-02-05,2026-02-03,2026-01-17,MISSING_KEY_DOCUMENT,HIGH,SRC-0345,DEMO-500-2026-09-09,,
NLAS-JOY-2026-0346,Rokeya Miah,Joypurhat,Kendua,District & Sessions Judge Court,Criminal,Person with disability,2026-03-04,2026-03-14,2026-04-01,2026-04-06,LADCS-029,Shamima Miah,ONGOING,2026-06-28,2026-05-03,2026-07-17,2026-04-03,COMPLETE,HIGH,SRC-0346,DEMO-500-2026-09-09,,
NLAS-JOY-2026-0347,Rahima Howladar,Joypurhat,Madhabpur,District & Sessions Judge Court,Land,Low income,2026-05-21,2026-05-22,2026-06-07,2026-06-08,LADCS-006,Mahbubur Rahman,ONGOING,2026-07-28,2026-06-24;2026-07-01,2026-06-19,2026-07-20,MISSING_KEY_DOCUMENT,LOW,SRC-0347,DEMO-500-2026-09-09,,Hearing preparation required
NLAS-HAB-2026-0348,Rahima Begum,Habiganj,Kendua,District Legal Aid Office,Criminal,Child,2026-05-04,2026-05-17,2026-05-20,2026-06-01,LADCS-012,Mariam Begum,RESOLVED,2026-08-10,2026-07-14;2026-07-25,2026-08-07,2026-09-01,COMPLETE,HIGH,SRC-0348,DEMO-500-2026-09-09,,
NLAS-CUM-2026-0349,Rubel Rahman,Cumilla,Sadar,District Judge Court,Domestic Violence,Minority community,2026-04-18,2026-05-02,2026-05-05,2026-05-16,LADCS-008,Jahid Khan,RESOLVED,2026-06-15,2026-05-22,2026-09-02,2026-08-16,COMPLETE,CRITICAL,SRC-0349,DEMO-500-2026-09-09,,Requires document verification
NLAS-HAB-2026-0350,Achiya Sultana,Habiganj,Sadar,Chief Judicial Magistrate Court,Civil,Child,2026-09-09,2026-09-10,2026-09-19,2026-09-24,LADCS-014,Shamima Miah,ONGOING,2026-11-10,,2026-09-09,2026-10-24,PARTIAL,HIGH,SRC-0350,DEMO-500-2026-09-09,,
NLAS-NET-2026-0351,Sultana Marma,Netrokona,Sadar,District Legal Aid Office,Civil,Elderly,2026-07-22,2026-08-03,2026-08-15,2026-08-27,LADCS-005,Rehana Parvin,ONGOING,2026-11-14,,2026-08-03,2026-09-20,COMPLETE,HIGH,SRC-0351,DEMO-500-2026-09-09,,
NLAS-CHA-2026-0352,Momena Barman,Chattogram,Sadar,District Judge Court,Maintenance,Elderly,2026-01-04,2026-01-08,2026-01-17,2026-01-26,LADCS-026,Shahidul Chowdhury,AWAITING_RESOLUTION,2026-02-11,,2026-04-16,2026-02-03,COMPLETE,LOW,SRC-0352,DEMO-500-2026-09-09,,Requires document verification
NLAS-RAJ-2026-0353,Shiuli Ahmed,Rajbari,Sadar,District Legal Aid Office,Domestic Violence,None identified,2026-03-16,2026-03-23,2026-04-09,2026-04-21,LADCS-005,Rehana Parvin,RESOLVED,2026-06-04,,2026-07-14,2026-04-30,COMPLETE,CRITICAL,SRC-0353,DEMO-500-2026-09-09,,Follow-up pending
NLAS-RAJ-2026-0354,Shamima Majumder,Rajbari,Rupganj,Assistant Judge Court,Civil,Woman,2026-08-15,2026-08-21,2026-08-22,2026-09-02,LADCS-021,Mahbubur Rahman,ONGOING,2026-10-21,2026-10-03,2026-08-18,2026-09-29,PARTIAL,HIGH,SRC-0354,DEMO-500-2026-09-09,,Requires document verification
NLAS-RAJ-2026-0355,Md. Arif Khatun,Rajbari,Kendua,Assistant Judge Court,ADR,Person with disability,2026-03-19,2026-03-27,2026-04-09,2026-04-14,LADCS-004,Farida Yasmin,ONGOING,2026-04-23,2026-03-22;2026-03-25,2026-09-02,2026-04-18,MISSING_KEY_DOCUMENT,HIGH,SRC-0355,DEMO-500-2026-09-09,,
NLAS-DHA-2026-0356,Parvin Marma,Dhaka,Sadar,District Judge Court,Land,Low income,2026-01-17,2026-01-27,2026-01-31,2026-02-08,LADCS-018,Kazi Tanvir Ahmed,CLOSED,2026-04-23,,2026-01-22,2026-04-17,PARTIAL,CRITICAL,SRC-0356,DEMO-500-2026-09-09,,Follow-up pending
NLAS-CUM-2026-0357,Nasrin Ahmed,Cumilla,Sadar,Legal Aid Office,Domestic Violence,Woman,2026-07-06,2026-07-11,2026-07-27,2026-07-28,LADCS-016,Md. Abdur Rauf,AWAITING_RESOLUTION,2026-09-22,2026-08-04,2026-07-27,2026-10-04,PARTIAL,LOW,SRC-0357,DEMO-500-2026-09-09,,Requires document verification
NLAS-KHU-2026-0358,Shamima Rahman,Khulna,Sadar,Legal Aid Office,Woman/Child,Person with disability,2026-01-03,2026-01-08,2026-01-09,2026-01-14,LADCS-024,Nusrat Akter,ONGOING,2026-02-03,2026-01-19,2026-08-22,2026-05-03,PARTIAL,MEDIUM,SRC-0358,DEMO-500-2026-09-09,,Requires document verification
NLAS-HAB-2026-0359,Shiuli Akter,Habiganj,Madhabpur,Chief Judicial Magistrate Court,Woman/Child,Person with disability,2026-05-29,2026-05-30,2026-06-07,2026-06-18,LADCS-005,Rehana Parvin,ONGOING,2026-09-02,,2026-08-30,2026-07-28,COMPLETE,HIGH,SRC-0359,DEMO-500-2026-09-09,,Follow-up pending
NLAS-KHU-2026-0360,Jharna Rahman,Khulna,Madhabpur,Legal Aid Office,Maintenance,Low income,2026-04-18,2026-04-26,2026-05-05,2026-05-08,LADCS-009,Nusrat Akter,ONGOING,2026-08-01,2026-07-03,2026-08-06,2026-06-02,PARTIAL,LOW,SRC-0360,DEMO-500-2026-09-09,,Follow-up pending
NLAS-NET-2026-0361,Jharna Howladar,Netrokona,Kalai,District & Sessions Judge Court,Land,Low income,2026-05-16,2026-05-24,2026-06-05,2026-06-14,LADCS-028,Rashed Karim,ONGOING,2026-07-01,,2026-08-20,2026-07-15,COMPLETE,HIGH,SRC-0361,DEMO-500-2026-09-09,,Follow-up pending
NLAS-HAB-2026-0362,Abdul Yasmin,Habiganj,Madhabpur,Chief Judicial Magistrate Court,Maintenance,None identified,2026-01-11,2026-01-15,2026-01-16,2026-01-21,LADCS-020,Rehana Parvin,RESOLVED,2026-03-03,2026-01-11;2026-01-11,2026-05-15,2026-03-12,COMPLETE,CRITICAL,SRC-0362,DEMO-500-2026-09-09,,Hearing preparation required
NLAS-DHA-2026-0363,Shiuli Banu,Dhaka,Madhabpur,District Judge Court,Domestic Violence,Elderly,2026-01-12,2026-01-25,2026-02-05,2026-02-09,LADCS-015,Imran Das,ONGOING,2026-03-10,2026-01-31;2026-01-17,2026-01-24,2026-04-12,PARTIAL,LOW,SRC-0363,DEMO-500-2026-09-09,,Follow-up pending
NLAS-CUM-2026-0364,Parvin Akter,Cumilla,Kalai,District Judge Court,Family,Woman,2025-12-03,2025-12-07,2025-12-25,2026-01-03,LADCS-007,Sadia Islam,ONGOING,2026-03-31,2026-02-14,2026-09-03,2026-01-17,MISSING_KEY_DOCUMENT,LOW,SRC-0364,DEMO-500-2026-09-09,,Follow-up pending
NLAS-CUM-2026-0365,Sultana Marma,Cumilla,Kalai,Senior Judicial Magistrate Court,Woman/Child,None identified,2026-02-13,2026-02-25,2026-03-08,2026-03-15,LADCS-023,Jahid Khan,SUBMITTED,2026-03-31,,2026-04-27,2026-05-14,PARTIAL,CRITICAL,SRC-0365,DEMO-500-2026-09-09,,Requires document verification
NLAS-DHA-2026-0366,Parvin Rahman,Dhaka,Kendua,District Judge Court,Woman/Child,Person with disability,2026-05-26,2026-06-05,2026-06-09,2026-06-20,LADCS-024,Nusrat Akter,ONGOING,2026-07-22,2026-06-18;2026-07-02,2026-07-30,2026-07-25,MISSING_KEY_DOCUMENT,LOW,SRC-0366,DEMO-500-2026-09-09,,
NLAS-HAB-2026-0367,Rubel Sultana,Habiganj,Sadar,Chief Judicial Magistrate Court,Woman/Child,Low income,2025-12-11,2025-12-15,2025-12-22,2026-01-01,LADCS-007,Sadia Islam,ONGOING,2026-01-21,,2026-08-02,2026-01-10,COMPLETE,MEDIUM,SRC-0367,DEMO-500-2026-09-09,,
NLAS-CUM-2026-0368,Achiya Marma,Cumilla,Rupganj,District Judge Court,Land,None identified,2026-05-30,2026-06-03,2026-06-15,2026-06-22,LADCS-028,Rashed Karim,ONGOING,2026-07-02,2026-05-26,2026-09-03,2026-08-28,COMPLETE,CRITICAL,SRC-0368,DEMO-500-2026-09-09,,
NLAS-CHA-2026-0369,Shiuli Majumder,Chattogram,Sadar,Chief Judicial Magistrate Court,Domestic Violence,Child,2026-02-13,2026-02-24,2026-03-09,2026-03-21,LADCS-029,Shamima Miah,ONGOING,2026-06-18,2026-05-15,2026-07-05,2026-05-14,PARTIAL,CRITICAL,SRC-0369,DEMO-500-2026-09-09,,Hearing preparation required
NLAS-RAJ-2026-0370,Shamima Rahman,Rajbari,Sadar,District Legal Aid Office,Land,Elderly,2025-12-24,2026-01-05,2026-01-18,2026-01-20,LADCS-006,Mahbubur Rahman,ONGOING,2026-01-30,,2026-05-04,2025-12-13,COMPLETE,LOW,SRC-0370,DEMO-500-2026-09-09,,Follow-up pending
NLAS-JOY-2026-0371,Jharna Parvin,Joypurhat,Sadar,District & Sessions Judge Court,Maintenance,Low income,2026-04-10,2026-04-12,2026-04-24,2026-05-06,LADCS-012,Mariam Begum,ONGOING,2026-03-29,,2026-05-03,2026-08-08,COMPLETE,HIGH,SRC-0371,DEMO-500-2026-09-09,CHRONOLOGY_CONFLICT,
NLAS-CUM-2026-0372,Farida Marma,Cumilla,Madhabpur,District Judge Court,ADR,Low income,2026-08-07,2026-08-12,2026-08-21,2026-08-23,LADCS-019,Farida Yasmin,ONGOING,2026-11-10,2026-09-21;2026-10-10,2026-08-15,2026-09-06,MISSING_KEY_DOCUMENT,LOW,SRC-0372,DEMO-500-2026-09-09,,Requires document verification
NLAS-HAB-2026-0373,Rokeya Chakma,Habiganj,Rupganj,District Legal Aid Office,Maintenance,Woman,2026-03-25,2026-03-26,2026-04-02,2026-04-08,LADCS-009,Nusrat Akter,ONGOING,2026-04-23,,2026-06-22,2026-06-23,PARTIAL,MEDIUM,SRC-0373,DEMO-500-2026-09-09,,Hearing preparation required
NLAS-CHA-2026-0374,Parvin Barman,Chattogram,Rupganj,Chief Judicial Magistrate Court,Land,None identified,2026-01-11,2026-01-21,2026-01-28,2026-02-09,LADCS-028,Rashed Karim,ONGOING,2026-04-19,,2026-02-23,2026-02-25,PARTIAL,HIGH,SRC-0374,DEMO-500-2026-09-09,,Follow-up pending
NLAS-CHA-2026-0375,Rubel Akter,Chattogram,Sadar,District Judge Court,Maintenance,Minority community,2026-05-03,2026-05-07,2026-05-13,2026-05-25,LADCS-002,Mst. Rokeya Sultana,ONGOING,2026-06-02,,2026-07-13,2026-08-01,MISSING_KEY_DOCUMENT,MEDIUM,SRC-0375,DEMO-500-2026-09-09,,
NLAS-CUM-2026-0376,Achiya Majumder,Cumilla,Kalai,Senior Judicial Magistrate Court,Civil,Person with disability,2026-04-12,2026-04-17,2026-05-04,2026-05-11,LADCS-010,Aminul Hossain,ONGOING,2026-05-26,2026-04-16,2026-07-03,2026-07-11,COMPLETE,CRITICAL,SRC-0376,DEMO-500-2026-09-09,,Follow-up pending
NLAS-KHU-2026-0377,Rubel Yasmin,Khulna,Rupganj,Legal Aid Office,Land,Low income,2026-05-18,2026-05-26,2026-06-04,2026-06-13,LADCS-006,Mahbubur Rahman,ONGOING,2026-08-10,,2026-06-10,2026-06-17,MISSING_KEY_DOCUMENT,LOW,SRC-0377,DEMO-500-2026-09-09,,Follow-up pending
NLAS-RAJ-2026-0378,Mahbub Sultana,Rajbari,Kendua,District Legal Aid Office,Civil,Child,2026-05-17,2026-05-29,2026-06-12,2026-06-16,LADCS-001,Md. Abdur Rauf,UNDER_REVIEW,2026-07-07,2026-06-13;2026-06-15,2026-06-07,2026-09-14,PARTIAL,LOW,SRC-0378,DEMO-500-2026-09-09,,Requires document verification
NLAS-KHU-2026-0379,Nasrin Das,Khulna,Sadar,District Judge Court,Civil,None identified,2026-03-31,2026-04-14,2026-05-01,2026-05-09,LADCS-024,Nusrat Akter,CLOSED,2026-05-21,2026-04-22;2026-04-01,2026-08-13,2026-05-15,COMPLETE,MEDIUM,SRC-0379,DEMO-500-2026-09-09,,Follow-up pending
NLAS-CUM-2026-0380,Shamima Majumder,Cumilla,Sadar,Senior Judicial Magistrate Court,Woman/Child,Elderly,2026-02-15,2026-03-01,2026-03-05,2026-03-07,LADCS-015,Imran Das,UNDER_REVIEW,2026-05-06,2026-04-08,2026-05-04,2026-04-01,COMPLETE,MEDIUM,SRC-0380,DEMO-500-2026-09-09,,
NLAS-HAB-2026-0381,Shiuli Chakma,Habiganj,Sadar,Chief Judicial Magistrate Court,Land,Woman,2026-05-14,2026-05-26,2026-05-31,2026-06-05,LADCS-017,Mst. Rokeya Sultana,ONGOING,2026-07-23,2026-06-07;2026-07-05,2026-06-18,2026-08-12,MISSING_KEY_DOCUMENT,HIGH,SRC-0381,DEMO-500-2026-09-09,,
NLAS-KHU-2026-0382,Rahima Marma,Khulna,Sadar,Legal Aid Office,Domestic Violence,Woman,2026-03-25,2026-03-26,2026-04-05,2026-04-13,LADCS-020,Rehana Parvin,ONGOING,2026-05-05,2026-03-08,2026-03-31,2026-05-09,PARTIAL,HIGH,SRC-0382,DEMO-500-2026-09-09,,
NLAS-RAJ-2026-0383,Shiuli Yasmin,Rajbari,Madhabpur,Senior Assistant Judge Court,Family,Child,2026-07-12,2026-07-25,2026-08-01,2026-08-10,LADCS-014,Shamima Miah,CLOSED,2026-08-27,,2026-07-30,2026-08-26,MISSING_KEY_DOCUMENT,CRITICAL,SRC-0383,DEMO-500-2026-09-09,,Hearing preparation required
NLAS-CHA-2026-0384,Sultana Banu,Chattogram,Rupganj,District Judge Court,Maintenance,Elderly,2026-03-30,2026-04-02,2026-04-12,2026-04-23,LADCS-018,Kazi Tanvir Ahmed,ONGOING,2026-06-13,,2026-08-29,2026-05-14,PARTIAL,LOW,SRC-0384,DEMO-500-2026-09-09,,Follow-up pending
NLAS-KHU-2026-0385,Achiya Howladar,Khulna,Rupganj,Chief Judicial Magistrate Court,Domestic Violence,Child,2026-07-26,2026-07-28,2026-08-15,2026-08-24,LADCS-010,Aminul Hossain,AWAITING_RESOLUTION,2026-10-21,,2026-09-05,2026-10-24,PARTIAL,CRITICAL,SRC-0385,DEMO-500-2026-09-09,,Follow-up pending
NLAS-JOY-2026-0386,Abdul Ahmed,Joypurhat,Kalai,District & Sessions Judge Court,ADR,Minority community,2026-07-09,2026-07-16,2026-07-22,2026-07-30,LADCS-024,Nusrat Akter,RESOLVED,2026-10-08,,2026-08-18,2026-11-06,MISSING_KEY_DOCUMENT,CRITICAL,SRC-0386,DEMO-500-2026-09-09,,Follow-up pending
NLAS-DHA-2026-0387,Shamima Marma,Dhaka,Kalai,Chief Metropolitan Magistrate Court,Civil,None identified,2026-04-13,2026-04-16,2026-04-18,2026-04-23,LADCS-022,Sadia Islam,AWAITING_RESOLUTION,2026-06-06,,2026-06-13,2026-07-12,MISSING_KEY_DOCUMENT,MEDIUM,SRC-0387,DEMO-500-2026-09-09,,Follow-up pending
NLAS-CHA-2026-0388,Kamal Sultana,Chattogram,Kendua,District Judge Court,Domestic Violence,Person with disability,2025-12-03,2025-12-15,2025-12-22,2025-12-23,LADCS-009,Nusrat Akter,ONGOING,2026-01-26,2025-12-10;2026-01-01,2026-03-14,2026-04-02,PARTIAL,HIGH,SRC-0388,DEMO-500-2026-09-09,,
NLAS-NET-2026-0389,Nargis Barman,Netrokona,Kalai,District Legal Aid Office,Civil,,2026-08-30,2026-09-04,2026-09-18,2026-09-21,LADCS-023,Jahid Khan,ONGOING,2026-12-03,,2026-09-09,2026-09-29,PARTIAL,MEDIUM,SRC-0389,DEMO-500-2026-09-09,,Follow-up pending
NLAS-CHA-2026-0390,Rahima Sultana,Chattogram,Sadar,Chief Judicial Magistrate Court,Domestic Violence,Minority community,2026-06-25,2026-07-08,2026-07-12,2026-07-23,LADCS-020,Rehana Parvin,ONGOING,2026-08-09,2026-07-18;2026-07-12,2026-08-25,2026-09-23,COMPLETE,LOW,SRC-0390,DEMO-500-2026-09-09,,
NLAS-RAJ-2026-0391,Abdul Das,Rajbari,Kalai,Senior Assistant Judge Court,Domestic Violence,Elderly,2026-06-04,2026-06-16,2026-06-27,2026-07-07,LADCS-018,Kazi Tanvir Ahmed,AWAITING_RESOLUTION,2026-08-10,,2026-07-24,2026-08-03,COMPLETE,HIGH,SRC-0391,DEMO-500-2026-09-09,,Follow-up pending
NLAS-CUM-2026-0392,Md. Arif Howladar,Cumilla,Madhabpur,Legal Aid Office,Criminal,Low income,2026-05-10,2026-05-24,2026-05-30,2026-06-08,LADCS-026,Shahidul Chowdhury,ONGOING,2026-07-29,,2026-07-08,2026-06-24,PARTIAL,CRITICAL,SRC-0392,DEMO-500-2026-09-09,,Requires document verification
NLAS-CHA-2026-0393,Rokeya Akter,Chattogram,Sadar,District Judge Court,Domestic Violence,Person with disability,2026-03-22,2026-04-02,2026-04-03,2026-04-10,LADCS-002,Mst. Rokeya Sultana,ONGOING,2026-05-28,2026-03-29;2026-04-24,2026-07-01,2026-05-21,PARTIAL,MEDIUM,SRC-0393,DEMO-500-2026-09-09,,Hearing preparation required
NLAS-DHA-2026-0394,Rubel Barman,Dhaka,Kalai,Chief Metropolitan Magistrate Court,Civil,Elderly,2026-06-13,2026-06-15,2026-06-25,2026-07-02,LADCS-011,Shahidul Chowdhury,ONGOING,2026-08-15,,2026-07-02,2026-08-12,COMPLETE,HIGH,SRC-0394,DEMO-500-2026-09-09,,
NLAS-RAJ-2026-0395,Md. Arif Banu,Rajbari,Rupganj,District Legal Aid Office,Land,Person with disability,2026-04-19,2026-04-30,2026-05-14,2026-05-20,LADCS-009,Nusrat Akter,ONGOING,2026-06-06,,2026-05-21,2026-05-19,MISSING_KEY_DOCUMENT,HIGH,SRC-0395,DEMO-500-2026-09-09,,Hearing preparation required
NLAS-CUM-2026-0396,Achiya Howladar,Cumilla,Rupganj,District Judge Court,Family,Woman,2026-04-24,2026-05-06,2026-05-16,2026-05-28,LADCS-030,Imran Das,AWAITING_RESOLUTION,2026-07-11,2026-06-12,2026-07-20,2026-05-24,COMPLETE,CRITICAL,SRC-0396,DEMO-500-2026-09-09,,Hearing preparation required
NLAS-JOY-2026-0397,Achiya Miah,Joypurhat,Rupganj,District Legal Aid Office,Maintenance,Woman,2026-04-28,2026-05-03,2026-05-16,2026-05-23,LADCS-026,Shahidul Chowdhury,ONGOING,2026-05-31,2026-04-30,2026-09-07,2026-05-28,COMPLETE,CRITICAL,SRC-0397,DEMO-500-2026-09-09,,Requires document verification
NLAS-DHA-2026-0398,Nasrin Das,Dhaka,Sadar,Chief Metropolitan Magistrate Court,Maintenance,Person with disability,2026-02-10,2026-02-11,2026-02-20,2026-03-03,LADCS-028,Rashed Karim,ONGOING,2026-03-29,2026-02-17,2026-05-21,2026-04-11,PARTIAL,CRITICAL,SRC-0398,DEMO-500-2026-09-09,,Hearing preparation required
NLAS-DHA-2026-0399,Nargis Akter,Dhaka,Rupganj,District Judge Court,Civil,Low income,2026-06-01,2026-06-03,2026-06-20,2026-07-02,LADCS-023,Jahid Khan,CLOSED,2026-08-02,,2026-07-17,2026-07-31,MISSING_KEY_DOCUMENT,MEDIUM,SRC-0399,DEMO-500-2026-09-09,,
NLAS-KHU-2026-0400,Md. Arif Miah,Khulna,Sadar,Legal Aid Office,Criminal,Low income,2026-03-19,2026-03-23,2026-03-25,2026-04-06,LADCS-027,Mariam Begum,ONGOING,2026-06-26,2026-05-21;2026-05-14,2026-06-24,2026-05-18,COMPLETE,MEDIUM,SRC-0400,DEMO-500-2026-09-09,,
NLAS-KHU-2026-0401,Mst. Salma Banu,Khulna,Sadar,District Judge Court,Land,Child,2025-12-05,2025-12-09,2025-12-21,2025-12-31,LADCS-005,Rehana Parvin,AWAITING_RESOLUTION,2026-03-14,2026-01-15;2026-02-27,2026-04-18,2026-03-05,COMPLETE,MEDIUM,SRC-0401,DEMO-500-2026-09-09,,
NLAS-DHA-2026-0402,Md. Arif Ahmed,Dhaka,Kalai,District Judge Court,Criminal,Low income,2026-07-26,2026-08-01,2026-08-12,2026-08-18,LADCS-015,Imran Das,RESOLVED,2026-10-01,,2026-08-25,2026-09-09,PARTIAL,HIGH,SRC-0402,DEMO-500-2026-09-09,,Hearing preparation required
NLAS-RAJ-2026-0403,Shiuli Marma,Rajbari,Rupganj,Senior Assistant Judge Court,ADR,Elderly,2026-09-01,2026-09-07,2026-09-17,2026-09-20,LADCS-009,Nusrat Akter,ONGOING,2026-10-12,2026-09-16,2026-09-05,2026-10-31,PARTIAL,LOW,SRC-0403,DEMO-500-2026-09-09,,Follow-up pending
NLAS-HAB-2026-0404,Md. Arif Ahmed,Habiganj,Kendua,Magistrate Court,Domestic Violence,Woman,2026-04-03,2026-04-16,2026-04-28,2026-04-29,LADCS-029,Shamima Miah,ONGOING,2026-06-05,2026-04-15,2026-05-18,2026-08-01,MISSING_KEY_DOCUMENT,CRITICAL,SRC-0404,DEMO-500-2026-09-09,,
NLAS-CUM-2026-0405,Nargis Das,Cumilla,Sadar,Senior Judicial Magistrate Court,ADR,Minority community,2026-07-15,2026-07-24,2026-07-28,2026-08-04,LADCS-019,Farida Yasmin,CLOSED,2026-09-15,,2026-08-15,2026-10-13,COMPLETE,HIGH,SRC-0405,DEMO-500-2026-09-09,,
NLAS-CHA-2026-0406,Nargis Barman,Chattogram,Sadar,Legal Aid Office,Land,Child,2025-12-26,2026-01-09,2026-01-12,2026-01-24,LADCS-017,Mst. Rokeya Sultana,ONGOING,2026-04-02,2026-03-13;2026-02-04,2026-01-13,2026-03-26,MISSING_KEY_DOCUMENT,LOW,SRC-0406,DEMO-500-2026-09-09,,
NLAS-KHU-2026-0407,Nargis Miah,Khulna,Sadar,Legal Aid Office,ADR,Elderly,2026-01-23,2026-02-01,2026-02-17,2026-02-27,LADCS-016,Md. Abdur Rauf,RESOLVED,2026-05-08,2026-04-10;2026-03-17,2026-03-31,2026-04-23,MISSING_KEY_DOCUMENT,MEDIUM,SRC-0407,DEMO-500-2026-09-09,,
NLAS-HAB-2026-0408,Parvin Islam,Habiganj,Kalai,Chief Judicial Magistrate Court,Criminal,Elderly,2026-08-27,2026-09-03,2026-09-10,2026-09-13,LADCS-013,Rashed Karim,UNDER_REVIEW,2026-08-14,,2026-09-01,2026-11-25,MISSING_KEY_DOCUMENT,LOW,SRC-0408,DEMO-500-2026-09-09,CHRONOLOGY_CONFLICT,
NLAS-CHA-2026-0409,Taslima Das,Chattogram,Kendua,District Judge Court,Woman/Child,,2026-08-16,2026-08-26,2026-09-11,2026-09-18,LADCS-028,Rashed Karim,AWAITING_RESOLUTION,2026-10-31,,2026-08-18,2026-09-30,COMPLETE,MEDIUM,SRC-0409,DEMO-500-2026-09-09,,Requires document verification
NLAS-CUM-2026-0410,Achiya Ahmed,Cumilla,Madhabpur,Legal Aid Office,ADR,Low income,2025-12-25,2025-12-28,2026-01-04,2026-01-06,LADCS-029,Shamima Miah,ONGOING,2026-03-20,2026-02-25,2025-12-29,2026-02-23,COMPLETE,MEDIUM,SRC-0410,DEMO-500-2026-09-09,,
NLAS-CHA-2026-0411,Rokeya Miah,Chattogram,Kalai,District Judge Court,Criminal,Woman,2026-05-31,2026-06-11,2026-06-29,2026-07-09,LADCS-021,Mahbubur Rahman,SUBMITTED,2026-09-02,,2026-08-27,2026-05-14,MISSING_KEY_DOCUMENT,HIGH,SRC-0411,DEMO-500-2026-09-09,,Requires document verification
NLAS-NET-2026-0412,Rahima Parvin,Netrokona,Sadar,ADR Forum,Woman/Child,Low income,2026-01-22,2026-02-05,2026-02-08,2026-02-10,LADCS-004,Farida Yasmin,AWAITING_RESOLUTION,2026-03-13,,2026-04-02,2026-02-21,PARTIAL,CRITICAL,SRC-0412,DEMO-500-2026-09-09,,
NLAS-CUM-2026-0413,Taslima Banu,Cumilla,Kalai,Senior Judicial Magistrate Court,Domestic Violence,Woman,2026-02-09,2026-02-13,2026-03-01,2026-03-07,LADCS-023,Jahid Khan,ONGOING,2026-05-29,2026-04-14,2026-07-08,2026-06-09,PARTIAL,LOW,SRC-0413,DEMO-500-2026-09-09,,
NLAS-JOY-2026-0414,Achiya Akter,Joypurhat,Kalai,District & Sessions Judge Court,Family,None identified,2026-01-30,2026-02-03,2026-02-17,2026-03-01,LADCS-019,Farida Yasmin,ONGOING,2026-05-23,,2026-04-08,2026-05-30,COMPLETE,HIGH,SRC-0414,DEMO-500-2026-09-09,,Hearing preparation required
NLAS-KHU-2026-0415,Farida Majumder,Khulna,Sadar,Legal Aid Office,Land,Person with disability,2026-04-06,2026-04-09,2026-04-22,2026-04-24,LADCS-024,Nusrat Akter,ONGOING,2026-05-02,2026-04-02;2026-03-17,2026-05-09,2026-08-04,PARTIAL,HIGH,SRC-0415,DEMO-500-2026-09-09,,Requires document verification
NLAS-KHU-2026-0416,Shamima Islam,Khulna,Sadar,Legal Aid Office,Woman/Child,Low income,2026-05-29,2026-06-12,2026-06-25,2026-07-03,LADCS-030,Imran Das,AWAITING_RESOLUTION,2026-07-31,,2026-06-09,2026-07-13,MISSING_KEY_DOCUMENT,MEDIUM,SRC-0416,DEMO-500-2026-09-09,,Requires document verification
NLAS-DHA-2026-0417,Shiuli Yasmin,Dhaka,Kalai,District Judge Court,Family,,2026-06-06,2026-06-18,2026-06-26,2026-07-02,LADCS-021,Mahbubur Rahman,AWAITING_RESOLUTION,2026-08-21,2026-06-30;2026-06-24,2026-08-31,2026-07-21,COMPLETE,HIGH,SRC-0417,DEMO-500-2026-09-09,,
NLAS-KHU-2026-0418,Md. Arif Banu,Khulna,Kalai,Chief Judicial Magistrate Court,Family,,2026-02-23,2026-03-01,2026-03-08,2026-03-18,LADCS-001,Md. Abdur Rauf,ONGOING,2026-05-16,2026-03-26,2026-02-25,2026-04-24,MISSING_KEY_DOCUMENT,CRITICAL,SRC-0418,DEMO-500-2026-09-09,,Follow-up pending
NLAS-HAB-2026-0419,Saiful Howladar,Habiganj,Madhabpur,District Legal Aid Office,Family,Child,2026-05-31,2026-06-14,2026-06-20,2026-06-29,LADCS-019,Farida Yasmin,AWAITING_RESOLUTION,2026-09-22,2026-08-24,2026-07-09,2026-07-30,MISSING_KEY_DOCUMENT,HIGH,SRC-0419,DEMO-500-2026-09-09,,
NLAS-NET-2026-0420,Achiya Howladar,Netrokona,Kendua,ADR Forum,Domestic Violence,Child,2026-01-10,2026-01-13,2026-01-20,2026-01-22,LADCS-017,Mst. Rokeya Sultana,ONGOING,2026-03-12,2026-01-26,2026-03-17,2026-03-11,PARTIAL,HIGH,SRC-0420,DEMO-500-2026-09-09,,Hearing preparation required
NLAS-JOY-2026-0421,Parvin Yasmin,Joypurhat,Rupganj,District Legal Aid Office,Domestic Violence,None identified,2026-09-07,2026-09-16,2026-10-04,2026-10-10,LADCS-015,Imran Das,ONGOING,2026-11-22,2026-10-04,2026-09-08,2026-12-06,COMPLETE,HIGH,SRC-0421,DEMO-500-2026-09-09,,Requires document verification
NLAS-HAB-2026-0422,Saiful Yasmin,Habiganj,Madhabpur,Magistrate Court,Civil,Minority community,2026-01-28,2026-01-30,2026-02-05,2026-02-12,LADCS-003,Kazi Tanvir Ahmed,REGISTERED,2026-05-04,2026-03-15,2026-08-21,2026-03-29,MISSING_KEY_DOCUMENT,LOW,SRC-0422,DEMO-500-2026-09-09,,
NLAS-HAB-2026-0423,Shiuli Chakma,Habiganj,Rupganj,Magistrate Court,Criminal,,2026-07-02,2026-07-09,2026-07-16,2026-07-19,LADCS-008,Jahid Khan,ONGOING,2026-09-18,,2026-07-17,2026-08-16,MISSING_KEY_DOCUMENT,CRITICAL,SRC-0423,DEMO-500-2026-09-09,,
NLAS-CHA-2026-0424,Md. Arif Das,Chattogram,Madhabpur,Chief Judicial Magistrate Court,Family,Person with disability,2026-07-21,2026-08-03,2026-08-11,2026-08-19,LADCS-003,Kazi Tanvir Ahmed,ONGOING,2026-09-01,2026-08-09;2026-08-12,2026-09-09,2026-11-18,PARTIAL,CRITICAL,SRC-0424,DEMO-500-2026-09-09,,
NLAS-CUM-2026-0425,Parvin Majumder,Cumilla,Rupganj,Legal Aid Office,Criminal,Person with disability,2025-12-14,2025-12-27,2026-01-04,2026-01-05,LADCS-019,Farida Yasmin,ONGOING,2026-02-05,,2026-01-31,2026-03-14,MISSING_KEY_DOCUMENT,HIGH,SRC-0425,DEMO-500-2026-09-09,,
NLAS-CHA-2026-0426,Md. Arif Das,Chattogram,Sadar,Chief Judicial Magistrate Court,Domestic Violence,Woman,2026-07-29,2026-08-05,2026-08-11,2026-08-23,LADCS-012,Mariam Begum,ONGOING,2026-10-17,,2026-08-06,2026-08-28,MISSING_KEY_DOCUMENT,CRITICAL,SRC-0426,DEMO-500-2026-09-09,,
NLAS-DHA-2026-0427,Rubel Ahmed,Dhaka,Sadar,District Judge Court,Family,Elderly,2026-06-21,2026-06-30,2026-07-03,2026-07-04,LADCS-013,Rashed Karim,ONGOING,2026-07-12,2026-05-31,2026-08-02,2026-09-19,MISSING_KEY_DOCUMENT,HIGH,SRC-0427,DEMO-500-2026-09-09,,
NLAS-KHU-2026-0428,Rubel Barman,Khulna,Kalai,Legal Aid Office,Woman/Child,,2025-12-30,2026-01-02,2026-01-04,2026-01-06,LADCS-015,Imran Das,REGISTERED,2026-03-11,2026-02-04;2026-02-12,2026-03-03,2026-04-29,MISSING_KEY_DOCUMENT,LOW,SRC-0428,DEMO-500-2026-09-09,,
NLAS-JOY-2026-0429,Nasrin Marma,Joypurhat,Kalai,District & Sessions Judge Court,Family,Woman,2026-04-03,2026-04-07,2026-04-09,2026-04-16,LADCS-002,Mst. Rokeya Sultana,ONGOING,2026-04-25,2026-03-15,2026-04-09,2026-05-03,COMPLETE,MEDIUM,SRC-0429,DEMO-500-2026-09-09,,Follow-up pending
NLAS-CHA-2026-0430,Rahima Akter,Chattogram,Sadar,Chief Judicial Magistrate Court,Criminal,Person with disability,2025-12-31,2026-01-07,2026-01-11,2026-01-12,LADCS-029,Shamima Miah,SUBMITTED,2026-02-02,,2026-04-09,2026-01-30,COMPLETE,LOW,SRC-0430,DEMO-500-2026-09-09,,Hearing preparation required
NLAS-CHA-2026-0431,Rubel Sultana,Chattogram,Rupganj,Legal Aid Office,Domestic Violence,Woman,2026-08-25,2026-08-29,2026-09-04,2026-09-13,LADCS-029,Shamima Miah,UNDER_REVIEW,2026-11-12,2026-10-14;2026-10-05,2026-09-06,2026-11-23,PARTIAL,LOW,SRC-0431,DEMO-500-2026-09-09,,
NLAS-RAJ-2026-0432,Mst. Salma Majumder,Rajbari,Rupganj,Senior Assistant Judge Court,Maintenance,Minority community,2026-04-27,2026-04-29,2026-05-13,2026-05-15,LADCS-022,Sadia Islam,ONGOING,2026-06-18,2026-05-14,2026-08-15,2026-08-25,PARTIAL,LOW,SRC-0432,DEMO-500-2026-09-09,,Follow-up pending
NLAS-CUM-2026-0433,Saiful Das,Cumilla,Sadar,District Judge Court,Domestic Violence,Child,2025-12-14,2025-12-26,2026-01-10,2026-01-18,LADCS-017,Mst. Rokeya Sultana,ONGOING,2026-03-25,2026-03-10;2026-02-01,2026-07-31,2026-01-13,PARTIAL,HIGH,SRC-0433,DEMO-500-2026-09-09,,Hearing preparation required
NLAS-DHA-2026-0434,Shamima Banu,Dhaka,Madhabpur,District Judge Court,Family,Child,2026-07-02,2026-07-12,2026-07-20,2026-07-23,LADCS-012,Mariam Begum,ONGOING,2026-10-04,2026-08-14;2026-08-12,2026-07-18,2026-08-16,COMPLETE,LOW,SRC-0434,DEMO-500-2026-09-09,,
NLAS-KHU-2026-0435,Sultana Yasmin,Khulna,Madhabpur,Legal Aid Office,Civil,Woman,2026-08-10,2026-08-19,2026-08-30,2026-09-06,LADCS-029,Shamima Miah,SUBMITTED,2026-10-21,2026-08-25;2026-10-03,2026-08-24,2026-10-09,MISSING_KEY_DOCUMENT,MEDIUM,SRC-0435,DEMO-500-2026-09-09,,Hearing preparation required
NLAS-CUM-2026-0436,Shiuli Islam,Cumilla,Rupganj,Legal Aid Office,ADR,,2026-06-27,2026-07-08,2026-07-15,2026-07-17,LADCS-014,Shamima Miah,ONGOING,2026-09-29,2026-08-05,2026-08-01,2026-08-11,MISSING_KEY_DOCUMENT,MEDIUM,SRC-0436,DEMO-500-2026-09-09,,
NLAS-RAJ-2026-0437,Shamima Khatun,Rajbari,Rupganj,District Legal Aid Office,Family,Minority community,2025-12-10,2025-12-21,2026-01-04,2026-01-10,LADCS-012,Mariam Begum,RESOLVED,2026-01-29,2025-12-20,2026-02-26,2026-04-09,PARTIAL,MEDIUM,SRC-0437,DEMO-500-2026-09-09,,Requires document verification
NLAS-RAJ-2026-0438,Shamima Sultana,Rajbari,Sadar,Assistant Judge Court,Family,Person with disability,2026-02-10,2026-02-24,2026-03-01,2026-03-12,LADCS-026,Shahidul Chowdhury,ONGOING,2026-06-09,2026-04-13,2026-08-20,2026-03-12,PARTIAL,CRITICAL,SRC-0438,DEMO-500-2026-09-09,,Hearing preparation required
NLAS-NET-2026-0439,Jharna Marma,Netrokona,Madhabpur,District & Sessions Judge Court,Criminal,Woman,2026-07-11,2026-07-14,2026-07-19,2026-07-23,LADCS-019,Farida Yasmin,ONGOING,2026-09-12,,2026-07-11,2026-08-10,PARTIAL,CRITICAL,SRC-0439,DEMO-500-2026-09-09,,
NLAS-KHU-2026-0440,Kamal Begum,Khulna,Madhabpur,Chief Judicial Magistrate Court,Woman/Child,Low income,2026-06-22,2026-07-04,2026-07-19,2026-07-31,LADCS-025,Aminul Hossain,ONGOING,2026-10-15,2026-09-22;2026-09-25,2026-08-30,2026-09-20,MISSING_KEY_DOCUMENT,HIGH,SRC-0440,DEMO-500-2026-09-09,,Hearing preparation required
NLAS-CUM-2026-0441,Abdul Rahman,Cumilla,Sadar,Senior Judicial Magistrate Court,Family,Elderly,2026-09-07,2026-09-20,2026-10-01,2026-10-04,LADCS-005,Rehana Parvin,ONGOING,2026-10-24,2026-09-17,2026-09-08,2027-01-05,MISSING_KEY_DOCUMENT,LOW,SRC-0441,DEMO-500-2026-09-09,,Follow-up pending
NLAS-KHU-2026-0442,Kamal Banu,Khulna,Rupganj,Legal Aid Office,Woman/Child,Person with disability,2025-12-24,2025-12-25,2026-01-06,2026-01-08,LADCS-030,Imran Das,AWAITING_RESOLUTION,2026-02-13,,2026-08-05,2026-04-23,MISSING_KEY_DOCUMENT,MEDIUM,SRC-0442,DEMO-500-2026-09-09,,
NLAS-HAB-2026-0443,Rubel Yasmin,Habiganj,Kalai,District Legal Aid Office,Maintenance,Minority community,2026-01-18,2026-01-30,2026-01-31,2026-02-12,LADCS-013,Rashed Karim,ONGOING,2026-05-04,2026-04-15,2026-08-01,2026-03-19,MISSING_KEY_DOCUMENT,LOW,SRC-0443,DEMO-500-2026-09-09,,
NLAS-JOY-2026-0444,Mst. Salma Chakma,Joypurhat,Kendua,District & Sessions Judge Court,Family,,2025-12-31,2026-01-09,2026-01-27,2026-01-28,LADCS-011,Shahidul Chowdhury,ONGOING,2026-02-11,,2026-03-10,2026-02-14,COMPLETE,MEDIUM,SRC-0444,DEMO-500-2026-09-09,,
NLAS-CHA-2026-0445,Saiful Miah,Chattogram,Rupganj,Legal Aid Office,Land,None identified,2026-03-28,2026-04-07,2026-04-19,2026-04-28,LADCS-024,Nusrat Akter,ONGOING,2026-03-14,,2026-06-27,2026-05-27,PARTIAL,LOW,SRC-0445,DEMO-500-2026-09-09,CHRONOLOGY_CONFLICT,Requires document verification
NLAS-KHU-2026-0446,Shiuli Howladar,Khulna,Kalai,Chief Judicial Magistrate Court,ADR,Minority community,2026-07-10,2026-07-17,2026-07-26,2026-07-27,LADCS-018,Kazi Tanvir Ahmed,ONGOING,2026-09-28,2026-08-04,2026-08-31,2026-08-24,COMPLETE,LOW,SRC-0446,DEMO-500-2026-09-09,,Follow-up pending
NLAS-HAB-2026-0447,Saiful Khatun,Habiganj,Sadar,District Legal Aid Office,Domestic Violence,Child,2026-01-22,2026-02-03,2026-02-05,2026-02-08,LADCS-013,Rashed Karim,ONGOING,2026-04-02,,2026-06-11,2026-03-08,PARTIAL,HIGH,SRC-0447,DEMO-500-2026-09-09,,Requires document verification
NLAS-JOY-2026-0448,Shiuli Ahmed,Joypurhat,Madhabpur,District Legal Aid Office,Family,Child,2026-05-29,2026-05-30,2026-06-06,2026-06-15,LADCS-020,Rehana Parvin,AWAITING_RESOLUTION,2026-07-05,2026-05-17;2026-06-15,2026-08-21,2026-09-26,MISSING_KEY_DOCUMENT,LOW,SRC-0448,DEMO-500-2026-09-09,,
NLAS-DHA-2026-0449,Parvin Parvin,Dhaka,Sadar,Legal Aid Office,Land,,2026-06-17,2026-06-20,2026-06-22,2026-07-02,LADCS-005,Rehana Parvin,ONGOING,2026-07-24,2026-07-03,2026-07-08,2026-08-01,MISSING_KEY_DOCUMENT,MEDIUM,SRC-0449,DEMO-500-2026-09-09,,
NLAS-HAB-2026-0450,Mst. Salma Chakma,Habiganj,Sadar,Magistrate Court,Woman/Child,Minority community,2026-08-11,2026-08-22,2026-08-23,2026-08-28,LADCS-011,Shahidul Chowdhury,ONGOING,2026-11-25,2026-11-01,2026-08-28,2026-10-10,MISSING_KEY_DOCUMENT,LOW,SRC-0450,DEMO-500-2026-09-09,,Follow-up pending
NLAS-DHA-2026-0451,Sultana Parvin,Dhaka,Kendua,Chief Metropolitan Magistrate Court,Land,Minority community,2026-01-01,2026-01-10,2026-01-27,2026-02-07,LADCS-006,Mahbubur Rahman,RESOLVED,2026-05-01,2026-04-11,2026-05-16,2026-03-02,MISSING_KEY_DOCUMENT,MEDIUM,SRC-0451,DEMO-500-2026-09-09,,
NLAS-CUM-2026-0452,Farida Banu,Cumilla,Sadar,Legal Aid Office,Woman/Child,Low income,2025-12-23,2025-12-28,2025-12-30,2026-01-10,LADCS-013,Rashed Karim,ONGOING,2026-02-23,2025-12-31;2026-01-04,2026-09-02,2025-12-04,PARTIAL,CRITICAL,SRC-0452,DEMO-500-2026-09-09,,
NLAS-HAB-2026-0453,Jharna Khatun,Habiganj,Kalai,District Legal Aid Office,Domestic Violence,Low income,2026-03-07,2026-03-11,2026-03-21,2026-03-23,LADCS-015,Imran Das,CLOSED,2026-05-05,2026-04-04;2026-03-12,2026-07-17,2026-04-21,COMPLETE,CRITICAL,SRC-0453,DEMO-500-2026-09-09,,Follow-up pending
NLAS-CUM-2026-0454,Abdul Banu,Cumilla,Kendua,District Judge Court,Domestic Violence,Low income,2026-04-19,2026-05-02,2026-05-10,2026-05-20,LADCS-016,Md. Abdur Rauf,ONGOING,2026-07-01,,2026-06-04,2026-07-18,PARTIAL,CRITICAL,SRC-0454,DEMO-500-2026-09-09,,Hearing preparation required
NLAS-KHU-2026-0455,Momena Islam,Khulna,Rupganj,Legal Aid Office,ADR,Minority community,2026-09-04,2026-09-13,2026-09-24,2026-09-25,LADCS-011,Shahidul Chowdhury,ONGOING,2026-10-02,,2026-09-04,2026-10-19,PARTIAL,MEDIUM,SRC-0455,DEMO-500-2026-09-09,,Requires document verification
NLAS-JOY-2026-0456,Kamal Majumder,Joypurhat,Rupganj,District Legal Aid Office,ADR,Child,2026-01-24,2026-01-30,2026-02-17,2026-02-20,LADCS-030,Imran Das,REGISTERED,2026-03-05,,2026-04-07,2026-03-25,COMPLETE,LOW,SRC-0456,DEMO-500-2026-09-09,,Hearing preparation required
NLAS-CHA-2026-0457,Sultana Parvin,Chattogram,Rupganj,Legal Aid Office,Family,Child,2025-12-28,2026-01-07,2026-01-12,2026-01-19,LADCS-014,Shamima Miah,ONGOING,2026-02-28,,2026-04-10,2026-04-27,PARTIAL,MEDIUM,SRC-0457,DEMO-500-2026-09-09,,Hearing preparation required
NLAS-RAJ-2026-0458,Rokeya Barman,Rajbari,Sadar,District Legal Aid Office,Criminal,Person with disability,2026-05-18,2026-05-22,2026-06-04,2026-06-14,LADCS-021,Mahbubur Rahman,RESOLVED,2026-08-26,2026-07-05;2026-08-12,2026-05-26,2026-06-17,PARTIAL,CRITICAL,SRC-0458,DEMO-500-2026-09-09,,
NLAS-KHU-2026-0459,Parvin Chakma,Khulna,Kalai,Legal Aid Office,Woman/Child,,2026-01-18,2026-01-21,2026-01-29,2026-01-30,LADCS-016,Md. Abdur Rauf,AWAITING_RESOLUTION,2026-03-24,2026-02-09;2026-02-24,2026-03-02,2026-05-18,COMPLETE,CRITICAL,SRC-0459,DEMO-500-2026-09-09,,Follow-up pending
NLAS-RAJ-2026-0460,Farida Rahman,Rajbari,Kendua,Senior Assistant Judge Court,Civil,Elderly,2026-05-02,2026-05-04,2026-05-09,2026-05-13,LADCS-020,Rehana Parvin,REGISTERED,2026-08-06,2026-06-28,2026-06-28,2026-07-01,MISSING_KEY_DOCUMENT,CRITICAL,SRC-0460,DEMO-500-2026-09-09,,Requires document verification
NLAS-CHA-2026-0461,Kamal Parvin,Chattogram,Rupganj,Legal Aid Office,Criminal,Child,2026-01-19,2026-01-28,2026-02-08,2026-02-10,LADCS-001,Md. Abdur Rauf,RESOLVED,2026-03-16,2026-02-06;2026-02-17,2026-06-17,2026-05-19,PARTIAL,CRITICAL,SRC-0461,DEMO-500-2026-09-09,,Follow-up pending
NLAS-KHU-2026-0462,Sultana Begum,Khulna,Madhabpur,Chief Judicial Magistrate Court,Land,Elderly,2026-01-12,2026-01-19,2026-01-31,2026-02-07,LADCS-006,Mahbubur Rahman,SUBMITTED,2026-03-16,,2026-03-06,2026-02-26,PARTIAL,HIGH,SRC-0462,DEMO-500-2026-09-09,,Hearing preparation required
NLAS-DHA-2026-0463,Nargis Banu,Dhaka,Sadar,District Judge Court,Criminal,Child,2026-07-07,2026-07-12,2026-07-25,2026-08-06,LADCS-018,Kazi Tanvir Ahmed,ONGOING,2026-08-22,2026-07-23;2026-07-11,2026-08-07,2026-09-05,PARTIAL,LOW,SRC-0463,DEMO-500-2026-09-09,,Requires document verification
NLAS-JOY-2026-0464,Shiuli Khatun,Joypurhat,Sadar,District & Sessions Judge Court,Family,Minority community,2026-04-26,2026-04-27,2026-05-01,2026-05-12,LADCS-027,Mariam Begum,ONGOING,2026-07-13,2026-05-15;2026-06-28,2026-07-18,2026-06-10,MISSING_KEY_DOCUMENT,HIGH,SRC-0464,DEMO-500-2026-09-09,,
NLAS-NET-2026-0465,Achiya Khatun,Netrokona,Kalai,District & Sessions Judge Court,ADR,Low income,2026-08-11,2026-08-23,2026-09-10,2026-09-20,LADCS-005,Rehana Parvin,UNDER_REVIEW,2026-11-25,2026-11-02;2026-10-20,2026-08-11,2026-09-25,COMPLETE,LOW,SRC-0465,DEMO-500-2026-09-09,,Hearing preparation required
NLAS-RAJ-2026-0466,Shamima Parvin,Rajbari,Madhabpur,Assistant Judge Court,ADR,Low income,2026-06-23,2026-07-01,2026-07-12,2026-07-13,LADCS-024,Nusrat Akter,RESOLVED,2026-08-12,2026-07-06;2026-07-22,2026-08-19,2026-10-21,MISSING_KEY_DOCUMENT,LOW,SRC-0466,DEMO-500-2026-09-09,,Requires document verification
NLAS-JOY-2026-0467,Nargis Akter,Joypurhat,Rupganj,District & Sessions Judge Court,Family,Child,2026-04-20,2026-04-21,2026-05-06,2026-05-11,LADCS-001,Md. Abdur Rauf,ONGOING,2026-07-27,2026-07-03;2026-06-15,2026-06-17,2026-08-18,PARTIAL,LOW,SRC-0467,DEMO-500-2026-09-09,,
NLAS-JOY-2026-0468,Rokeya Akter,Joypurhat,Kalai,District Legal Aid Office,Family,Low income,2026-06-21,2026-06-23,2026-07-08,2026-07-16,LADCS-017,Mst. Rokeya Sultana,AWAITING_RESOLUTION,2026-08-29,,2026-08-07,2026-09-19,COMPLETE,LOW,SRC-0468,DEMO-500-2026-09-09,,Requires document verification
NLAS-KHU-2026-0469,Mst. Salma Marma,Khulna,Madhabpur,Legal Aid Office,Civil,Woman,2026-08-31,2026-09-02,2026-09-11,2026-09-16,LADCS-008,Jahid Khan,ONGOING,2026-10-24,2026-09-12;2026-09-04,2026-09-05,2026-11-29,PARTIAL,LOW,SRC-0469,DEMO-500-2026-09-09,,Hearing preparation required
NLAS-KHU-2026-0470,Momena Parvin,Khulna,Sadar,Legal Aid Office,Criminal,Minority community,2026-08-22,2026-08-27,2026-09-13,2026-09-16,LADCS-009,Nusrat Akter,ONGOING,2026-12-09,2026-10-23;2026-10-13,2026-09-08,2026-10-21,COMPLETE,HIGH,SRC-0470,DEMO-500-2026-09-09,,Hearing preparation required
NLAS-KHU-2026-0471,Abdul Banu,Khulna,Sadar,Legal Aid Office,Maintenance,Child,2026-07-20,2026-07-30,2026-08-15,2026-08-26,LADCS-011,Shahidul Chowdhury,ONGOING,2026-11-11,,2026-08-23,2026-09-18,COMPLETE,MEDIUM,SRC-0471,DEMO-500-2026-09-09,,
NLAS-JOY-2026-0472,Mst. Salma Akter,Joypurhat,Kalai,District Legal Aid Office,Family,Child,2026-04-22,2026-04-26,2026-05-11,2026-05-19,LADCS-016,Md. Abdur Rauf,ONGOING,2026-06-01,2026-05-05;2026-04-12,2026-07-07,2026-06-06,MISSING_KEY_DOCUMENT,CRITICAL,SRC-0472,DEMO-500-2026-09-09,,Follow-up pending
NLAS-HAB-2026-0473,Mst. Salma Parvin,Habiganj,Sadar,Magistrate Court,Land,Person with disability,2026-04-10,2026-04-20,2026-04-22,2026-04-30,LADCS-002,Mst. Rokeya Sultana,ONGOING,2026-07-03,,2026-04-26,2026-06-09,MISSING_KEY_DOCUMENT,CRITICAL,SRC-0473,DEMO-500-2026-09-09,,
NLAS-NET-2026-0474,Sultana Miah,Netrokona,Rupganj,ADR Forum,Domestic Violence,,2026-01-24,2026-02-03,2026-02-10,2026-02-15,LADCS-017,Mst. Rokeya Sultana,ONGOING,2026-03-24,2026-02-22,2026-07-03,2026-02-23,COMPLETE,MEDIUM,SRC-0474,DEMO-500-2026-09-09,,
NLAS-RAJ-2026-0475,Nasrin Hossain,Rajbari,Rupganj,District Legal Aid Office,Maintenance,Elderly,2026-06-16,2026-06-30,2026-07-07,2026-07-15,LADCS-028,Rashed Karim,ONGOING,2026-09-16,2026-07-18;2026-08-27,2026-07-06,2026-07-16,COMPLETE,CRITICAL,SRC-0475,DEMO-500-2026-09-09,,
NLAS-KHU-2026-0476,Sultana Sultana,Khulna,Sadar,Legal Aid Office,Woman/Child,Child,2026-04-03,2026-04-16,2026-05-03,2026-05-04,LADCS-020,Rehana Parvin,ONGOING,2026-07-20,,2026-04-21,2026-07-02,PARTIAL,HIGH,SRC-0476,DEMO-500-2026-09-09,,Requires document verification
NLAS-CHA-2026-0477,Momena Majumder,Chattogram,Madhabpur,Chief Judicial Magistrate Court,Family,Minority community,2025-12-08,2025-12-11,2025-12-13,2025-12-15,LADCS-023,Jahid Khan,ONGOING,2025-12-22,,2025-12-15,2026-04-07,COMPLETE,HIGH,SRC-0477,DEMO-500-2026-09-09,,
NLAS-RAJ-2026-0478,Parvin Sultana,Rajbari,Sadar,District Legal Aid Office,Maintenance,Elderly,2026-01-11,2026-01-14,2026-01-22,2026-01-29,LADCS-028,Rashed Karim,ONGOING,2026-04-19,2026-03-01,2026-07-03,2026-03-12,MISSING_KEY_DOCUMENT,MEDIUM,SRC-0478,DEMO-500-2026-09-09,,Follow-up pending
NLAS-NET-2026-0479,Taslima Das,Netrokona,Rupganj,District & Sessions Judge Court,Land,Minority community,2026-04-29,2026-05-12,2026-05-13,2026-05-17,LADCS-008,Jahid Khan,AWAITING_RESOLUTION,2026-06-28,2026-05-04;2026-05-28,2026-09-09,2026-07-28,MISSING_KEY_DOCUMENT,LOW,SRC-0479,DEMO-500-2026-09-09,,
NLAS-NET-2026-0480,Rokeya Hossain,Netrokona,Kendua,District Legal Aid Office,Maintenance,Woman,2026-09-01,2026-09-08,2026-09-24,2026-10-05,LADCS-025,Aminul Hossain,RESOLVED,2026-11-23,2026-10-16;2026-10-21,2026-09-08,2026-11-30,MISSING_KEY_DOCUMENT,HIGH,SRC-0480,DEMO-500-2026-09-09,,Requires document verification
NLAS-DHA-2026-0481,Jharna Howladar,Dhaka,Sadar,District Judge Court,Domestic Violence,Child,2026-08-15,2026-08-16,2026-08-18,2026-08-22,LADCS-011,Shahidul Chowdhury,ONGOING,2026-08-29,,2026-08-28,2026-09-29,COMPLETE,LOW,SRC-0481,DEMO-500-2026-09-09,,
NLAS-JOY-2026-0482,Parvin Khatun,Joypurhat,Madhabpur,District Legal Aid Office,Domestic Violence,Person with disability,2026-04-21,2026-04-29,2026-05-15,2026-05-17,LADCS-011,Shahidul Chowdhury,RESOLVED,2026-04-06,2026-03-09;2026-03-16,2026-04-29,2026-05-21,MISSING_KEY_DOCUMENT,LOW,SRC-0482,DEMO-500-2026-09-09,CHRONOLOGY_CONFLICT,Follow-up pending
NLAS-RAJ-2026-0483,Md. Arif Majumder,Rajbari,Sadar,Assistant Judge Court,Criminal,Low income,2026-03-30,2026-04-10,2026-04-15,2026-04-20,LADCS-021,Mahbubur Rahman,AWAITING_RESOLUTION,2026-06-18,2026-05-14;2026-05-05,2026-04-28,2026-05-14,MISSING_KEY_DOCUMENT,MEDIUM,SRC-0483,DEMO-500-2026-09-09,,Requires document verification
NLAS-CHA-2026-0484,Rubel Marma,Chattogram,Sadar,District Judge Court,Land,Minority community,2026-02-20,2026-02-23,2026-03-08,2026-03-20,LADCS-012,Mariam Begum,ONGOING,2026-05-05,,2026-04-13,2026-03-22,PARTIAL,CRITICAL,SRC-0484,DEMO-500-2026-09-09,,
NLAS-RAJ-2026-0485,Rubel Howladar,Rajbari,Rupganj,Senior Assistant Judge Court,Criminal,Elderly,2026-03-07,2026-03-14,2026-03-17,2026-03-28,LADCS-009,Nusrat Akter,ONGOING,2026-06-19,2026-05-31;2026-06-02,2026-09-09,2026-04-06,COMPLETE,HIGH,SRC-0485,DEMO-500-2026-09-09,,
NLAS-NET-2026-0486,Momena Chakma,Netrokona,Madhabpur,District Legal Aid Office,Woman/Child,None identified,2025-12-20,2025-12-28,2026-01-07,2026-01-11,LADCS-021,Mahbubur Rahman,RESOLVED,2026-03-31,2026-02-11;2026-02-28,2026-05-14,2026-02-03,MISSING_KEY_DOCUMENT,CRITICAL,SRC-0486,DEMO-500-2026-09-09,,
NLAS-NET-2026-0487,Nargis Banu,Netrokona,Madhabpur,District Legal Aid Office,Domestic Violence,Minority community,2026-08-25,2026-08-30,2026-09-08,2026-09-15,LADCS-010,Aminul Hossain,ONGOING,2026-12-10,2026-11-25;2026-10-18,2026-08-30,2026-12-23,PARTIAL,CRITICAL,SRC-0487,DEMO-500-2026-09-09,,
NLAS-CUM-2026-0488,Kamal Hossain,Cumilla,Sadar,Legal Aid Office,Land,Person with disability,2025-12-29,2026-01-11,2026-01-24,2026-02-04,LADCS-009,Nusrat Akter,AWAITING_RESOLUTION,2026-04-18,2026-03-28;2026-03-31,2026-03-01,2026-02-12,PARTIAL,MEDIUM,SRC-0488,DEMO-500-2026-09-09,,
NLAS-DHA-2026-0489,Shiuli Khatun,Dhaka,Rupganj,Legal Aid Office,Family,Elderly,2026-02-23,2026-03-07,2026-03-13,2026-03-17,LADCS-006,Mahbubur Rahman,RESOLVED,2026-04-30,2026-04-13,2026-05-13,2026-04-24,PARTIAL,MEDIUM,SRC-0489,DEMO-500-2026-09-09,,Hearing preparation required
NLAS-JOY-2026-0490,Farida Banu,Joypurhat,Kendua,District Legal Aid Office,ADR,Woman,2026-06-04,2026-06-09,2026-06-12,2026-06-23,LADCS-007,Sadia Islam,ONGOING,2026-09-19,2026-08-18,2026-09-03,2026-08-03,MISSING_KEY_DOCUMENT,HIGH,SRC-0490,DEMO-500-2026-09-09,,Hearing preparation required
NLAS-HAB-2026-0491,Achiya Howladar,Habiganj,Kalai,Magistrate Court,Land,,2026-07-05,2026-07-09,2026-07-14,2026-07-15,LADCS-028,Rashed Karim,REGISTERED,2026-09-02,,2026-09-04,2026-08-19,COMPLETE,HIGH,SRC-0491,DEMO-500-2026-09-09,,
NLAS-KHU-2026-0492,Kamal Barman,Khulna,Rupganj,Chief Judicial Magistrate Court,Domestic Violence,Child,2026-08-21,2026-08-24,2026-09-06,2026-09-13,LADCS-026,Shahidul Chowdhury,ONGOING,2026-11-21,2026-10-31;2026-10-29,2026-09-08,2026-09-20,COMPLETE,MEDIUM,SRC-0492,DEMO-500-2026-09-09,,Hearing preparation required
NLAS-RAJ-2026-0493,Md. Arif Begum,Rajbari,Kalai,District Legal Aid Office,Civil,Minority community,2025-12-27,2025-12-31,2026-01-06,2026-01-10,LADCS-005,Rehana Parvin,REGISTERED,2026-04-04,2026-02-27,2026-03-16,2025-12-26,PARTIAL,HIGH,SRC-0493,DEMO-500-2026-09-09,,Follow-up pending
NLAS-HAB-2026-0494,Parvin Islam,Habiganj,Kendua,Magistrate Court,Woman/Child,Woman,2026-01-01,2026-01-02,2026-01-12,2026-01-22,LADCS-015,Imran Das,ONGOING,2026-03-13,,2026-07-07,2026-02-15,MISSING_KEY_DOCUMENT,MEDIUM,SRC-0494,DEMO-500-2026-09-09,,Follow-up pending
NLAS-HAB-2026-0495,Sultana Khatun,Habiganj,Sadar,Magistrate Court,Criminal,Woman,2026-07-30,2026-08-03,2026-08-10,2026-08-14,LADCS-028,Rashed Karim,ONGOING,2026-10-05,2026-08-23,2026-08-05,2026-10-28,MISSING_KEY_DOCUMENT,MEDIUM,SRC-0495,DEMO-500-2026-09-09,,
NLAS-KHU-2026-0496,Farida Ahmed,Khulna,Sadar,Chief Judicial Magistrate Court,Civil,Person with disability,2026-08-14,2026-08-17,2026-08-27,2026-09-03,LADCS-027,Mariam Begum,ONGOING,2026-10-24,2026-10-09;2026-09-22,2026-09-09,2026-10-13,MISSING_KEY_DOCUMENT,MEDIUM,SRC-0496,DEMO-500-2026-09-09,,Follow-up pending
NLAS-NET-2026-0497,Parvin Ahmed,Netrokona,Sadar,District Legal Aid Office,Domestic Violence,Woman,2026-09-03,2026-09-04,2026-09-19,2026-09-22,LADCS-029,Shamima Miah,ONGOING,2026-12-05,,2026-09-06,2026-11-02,COMPLETE,CRITICAL,SRC-0497,DEMO-500-2026-09-09,,Requires document verification
NLAS-CHA-2026-0498,Sultana Islam,Chattogram,Sadar,Chief Judicial Magistrate Court,Family,Person with disability,2026-04-30,2026-05-01,2026-05-17,2026-05-27,LADCS-006,Mahbubur Rahman,ONGOING,2026-08-23,,2026-07-10,2026-06-29,MISSING_KEY_DOCUMENT,MEDIUM,SRC-0498,DEMO-500-2026-09-09,,Follow-up pending
NLAS-HAB-2026-0499,Nargis Begum,Habiganj,Madhabpur,Chief Judicial Magistrate Court,Criminal,Woman,2026-01-22,2026-01-28,2026-02-12,2026-02-14,LADCS-007,Sadia Islam,ONGOING,2026-03-08,2026-01-12,2026-08-05,2026-04-22,COMPLETE,CRITICAL,SRC-0499,DEMO-500-2026-09-09,,
NLAS-JOY-2026-0500,Parvin Yasmin,Joypurhat,Rupganj,ADR Forum,Maintenance,Minority community,2026-05-02,2026-05-12,2026-05-22,2026-06-02,LADCS-005,Rehana Parvin,RESOLVED,2026-06-28,,2026-05-11,2026-07-01,COMPLETE,LOW,SRC-0500,DEMO-500-2026-09-09,,
